geoid,year,measure,value,moe,Unnamed: 0
51760030100,2016,gini_index,0.151,,1
51710004800,2016,gini_index,0.306,,2
51760020200,2016,gini_index,0.193,,3
51770002502,2016,gini_index,0.243,,4
51710004200,2016,gini_index,0.28,,5
51760030501,2016,gini_index,0.085,,6
51760020100,2016,gini_index,0.198,,7
51710004100,2016,gini_index,0.329,,8
51730810100,2016,gini_index,0.258,,9
51700030100,2016,gini_index,0.293,,10
51740211800,2016,gini_index,0.195,,11
51710003501,2016,gini_index,0.308,,12
51003010904,2016,gini_index,0.508,,13
51013101704,2016,gini_index,0.34,,14
51013101408,2016,gini_index,0.512,,15
51760020400,2016,gini_index,0.172,,16
51740210500,2016,gini_index,0.326,,17
51059451400,2016,gini_index,0.179,,18
51760040300,2016,gini_index,0.054,,19
51013102701,2016,gini_index,0.36,,20
51760060800,2016,gini_index,0.384,,21
51590000400,2016,gini_index,0.317,,22
51730810600,2016,gini_index,0.332,,23
51059451601,2016,gini_index,0.336,,24
51730810700,2016,gini_index,0.172,,25
51760010300,2016,gini_index,0.358,,26
51510201206,2016,gini_index,0.347,,27
51013103505,2016,gini_index,0.428,,28
51700030600,2016,gini_index,0.469,,29
51013103503,2016,gini_index,0.478,,30
51760021000,2016,gini_index,0.326,,31
51710005100,2016,gini_index,0.279,,32
51650011400,2016,gini_index,0.0,,33
51087200805,2016,gini_index,0.321,,34
51013103602,2016,gini_index,0.495,,35
51700030800,2016,gini_index,0.324,,36
51760060900,2016,gini_index,0.229,,37
51590000500,2016,gini_index,0.234,,38
51013101603,2016,gini_index,0.405,,39
51760070601,2016,gini_index,0.304,,40
51700030400,2016,gini_index,0.277,,41
51105950301,2016,gini_index,0.313,,42
51740212100,2016,gini_index,0.353,,43
51059461902,2016,gini_index,0.446,,44
51800065500,2016,gini_index,0.381,,45
51710000902,2016,gini_index,0.477,,46
51760060700,2016,gini_index,0.367,,47
51710002900,2016,gini_index,0.318,,48
51800065100,2016,gini_index,0.35,,49
51710001300,2016,gini_index,0.408,,50
51710002700,2016,gini_index,0.362,,51
51680001100,2016,gini_index,0.427,,52
51680000600,2016,gini_index,0.208,,53
51710004300,2016,gini_index,0.327,,54
51041100406,2016,gini_index,0.354,,55
51590001000,2016,gini_index,0.217,,56
51710005701,2016,gini_index,0.233,,57
51041100404,2016,gini_index,0.454,,58
51770001000,2016,gini_index,0.327,,59
51510201205,2016,gini_index,0.347,,60
51595890100,2016,gini_index,0.231,,61
51550020100,2016,gini_index,0.343,,62
51013101804,2016,gini_index,0.446,,63
51710002500,2016,gini_index,0.405,,64
51620090200,2016,gini_index,0.362,,65
51510200102,2016,gini_index,0.351,,66
51121020301,2016,gini_index,0.152,,67
51770002600,2016,gini_index,0.239,,68
51013102001,2016,gini_index,0.385,,69
51510200304,2016,gini_index,0.34,,70
51760030200,2016,gini_index,0.279,,71
51680000400,2016,gini_index,0.355,,72
51510200106,2016,gini_index,0.38,,73
51013101705,2016,gini_index,0.34,,74
51510200108,2016,gini_index,0.374,,75
51810045810,2016,gini_index,0.304,,76
51013103300,2016,gini_index,0.375,,77
51710004600,2016,gini_index,0.18,,78
51770000900,2016,gini_index,0.258,,79
51520020201,2016,gini_index,0.191,,80
51810040600,2016,gini_index,0.457,,81
51700032300,2016,gini_index,0.48,,82
51059415401,2016,gini_index,0.371,,83
51700032006,2016,gini_index,0.294,,84
51710001400,2016,gini_index,0.281,,85
51710003400,2016,gini_index,0.42,,86
51730810400,2016,gini_index,0.376,,87
51680000700,2016,gini_index,0.325,,88
51760071004,2016,gini_index,0.367,,89
51710001100,2016,gini_index,0.283,,90
51013101701,2016,gini_index,0.364,,91
51710005901,2016,gini_index,0.446,,92
51059450702,2016,gini_index,0.28,,93
51680001900,2016,gini_index,0.21,,94
51710004400,2016,gini_index,0.435,,95
51710005500,2016,gini_index,0.433,,96
51059480203,2016,gini_index,0.41,,97
51177020313,2016,gini_index,0.524,,98
51710004500,2016,gini_index,0.299,,99
51510200409,2016,gini_index,0.477,,100
51730811200,2016,gini_index,0.317,,101
51670820100,2016,gini_index,0.322,,102
51013103504,2016,gini_index,0.428,,103
51510200109,2016,gini_index,0.374,,104
51059480205,2016,gini_index,0.455,,105
51013102200,2016,gini_index,0.304,,106
51540000202,2016,gini_index,0.17,,107
51540000401,2016,gini_index,0.239,,108
51680000205,2016,gini_index,0.308,,109
51710005800,2016,gini_index,0.362,,110
51199050207,2016,gini_index,0.548,,111
51760020700,2016,gini_index,0.339,,112
51710001600,2016,gini_index,0.285,,113
51700032126,2016,gini_index,0.4,,114
51740211100,2016,gini_index,0.295,,115
51550020910,2016,gini_index,0.353,,116
51730811300,2016,gini_index,0.177,,117
51153900203,2016,gini_index,0.51,,118
51710004002,2016,gini_index,0.177,,119
51550020500,2016,gini_index,0.24,,120
51059421500,2016,gini_index,0.297,,121
51710006400,2016,gini_index,0.365,,122
51510201602,2016,gini_index,0.449,,123
51700032123,2016,gini_index,0.353,,124
51153900602,2016,gini_index,0.419,,125
51710006501,2016,gini_index,0.305,,126
51149850200,2016,gini_index,0.559,,127
51650010504,2016,gini_index,0.427,,128
51630000400,2016,gini_index,0.342,,129
51760040400,2016,gini_index,0.042,,130
51003010901,2016,gini_index,0.141,,131
51760060200,2016,gini_index,0.345,,132
51510200104,2016,gini_index,0.447,,133
51730810500,2016,gini_index,0.353,,134
51760020501,2016,gini_index,0.27,,135
51670820300,2016,gini_index,0.323,,136
51041100107,2016,gini_index,0.369,,137
51041100806,2016,gini_index,0.512,,138
51059451502,2016,gini_index,0.418,,139
51740212000,2016,gini_index,0.481,,140
51700030900,2016,gini_index,0.474,,141
51700031902,2016,gini_index,0.297,,142
51660000302,2016,gini_index,0.351,,143
51137110200,2016,gini_index,0.382,,144
51770002501,2016,gini_index,0.251,,145
51087200153,2016,gini_index,0.388,,146
51059452700,2016,gini_index,0.282,,147
51800065302,2016,gini_index,0.364,,148
51650010900,2016,gini_index,0.363,,149
51013102002,2016,gini_index,0.372,,150
51700032128,2016,gini_index,0.363,,151
51059480204,2016,gini_index,0.455,,152
51087200417,2016,gini_index,0.392,,153
51013101409,2016,gini_index,0.514,,154
51059420503,2016,gini_index,0.468,,155
51700031701,2016,gini_index,0.32,,156
51059452801,2016,gini_index,0.393,,157
51550020300,2016,gini_index,0.359,,158
51013102003,2016,gini_index,0.189,,159
51001090402,2016,gini_index,0.246,,160
51143010301,2016,gini_index,0.351,,161
51760060400,2016,gini_index,0.212,,162
51153901403,2016,gini_index,0.443,,163
51153901419,2016,gini_index,0.5,,164
51059421701,2016,gini_index,0.467,,165
51510200408,2016,gini_index,0.479,,166
51760040201,2016,gini_index,0.386,,167
51740212801,2016,gini_index,0.333,,168
51510200500,2016,gini_index,0.466,,169
51760011000,2016,gini_index,0.295,,170
51107610505,2016,gini_index,0.467,,171
51680000500,2016,gini_index,0.032,,172
51810044005,2016,gini_index,0.462,,173
51059481101,2016,gini_index,0.621,,174
51153901102,2016,gini_index,0.405,,175
51810040200,2016,gini_index,0.487,,176
51660000101,2016,gini_index,0.409,,177
51009010505,2016,gini_index,0.382,,178
51760070803,2016,gini_index,0.424,,179
51059451501,2016,gini_index,0.384,,180
51800065401,2016,gini_index,0.401,,181
51760021200,2016,gini_index,0.375,,182
51013102804,2016,gini_index,0.476,,183
51041100212,2016,gini_index,0.461,,184
51760010202,2016,gini_index,0.362,,185
51009010506,2016,gini_index,0.44,,186
51117930202,2016,gini_index,0.362,,187
51087200412,2016,gini_index,0.5,,188
51590000600,2016,gini_index,0.224,,189
51013101805,2016,gini_index,0.448,,190
51760010800,2016,gini_index,0.316,,191
51147930101,2016,gini_index,0.331,,192
51670820700,2016,gini_index,0.397,,193
51059440503,2016,gini_index,0.429,,194
51710002600,2016,gini_index,0.088,,195
51770001200,2016,gini_index,0.259,,196
51570830200,2016,gini_index,0.425,,197
51810044006,2016,gini_index,0.462,,198
51041100410,2016,gini_index,0.386,,199
51700030300,2016,gini_index,0.26,,200
51059451602,2016,gini_index,0.341,,201
51059416200,2016,gini_index,0.489,,202
51089010100,2016,gini_index,0.401,,203
51510200406,2016,gini_index,0.547,,204
51770002400,2016,gini_index,0.363,,205
51087200418,2016,gini_index,0.392,,206
51153901702,2016,gini_index,0.495,,207
51059471301,2016,gini_index,0.491,,208
51153900901,2016,gini_index,0.419,,209
51760071002,2016,gini_index,0.371,,210
51041100907,2016,gini_index,0.391,,211
51059491202,2016,gini_index,0.547,,212
51740212400,2016,gini_index,0.415,,213
51013101803,2016,gini_index,0.334,,214
51590001100,2016,gini_index,0.264,,215
51770000100,2016,gini_index,0.355,,216
51800075103,2016,gini_index,0.525,,217
51185020900,2016,gini_index,0.359,,218
51087200700,2016,gini_index,0.226,,219
51013101407,2016,gini_index,0.515,,220
51700032212,2016,gini_index,0.315,,221
51059481102,2016,gini_index,0.524,,222
51153901101,2016,gini_index,0.442,,223
51760040600,2016,gini_index,0.393,,224
51540000501,2016,gini_index,0.168,,225
51510200301,2016,gini_index,0.506,,226
51059422000,2016,gini_index,0.494,,227
51037930101,2016,gini_index,0.323,,228
51013103405,2016,gini_index,0.467,,229
51187020400,2016,gini_index,0.361,,230
51830370200,2016,gini_index,0.398,,231
51710000300,2016,gini_index,0.375,,232
51670820600,2016,gini_index,0.349,,233
51650011300,2016,gini_index,0.374,,234
51650010316,2016,gini_index,0.369,,235
51770000500,2016,gini_index,0.378,,236
51710000400,2016,gini_index,0.372,,237
51760010900,2016,gini_index,0.385,,238
51041100405,2016,gini_index,0.438,,239
51640070102,2016,gini_index,0.146,,240
51760071003,2016,gini_index,0.367,,241
51059421600,2016,gini_index,0.38,,242
51650010314,2016,gini_index,0.232,,243
51590000200,2016,gini_index,0.37,,244
51121020202,2016,gini_index,0.196,,245
51059421800,2016,gini_index,0.484,,246
51660000401,2016,gini_index,0.372,,247
51059421400,2016,gini_index,0.359,,248
51059482201,2016,gini_index,0.446,,249
51595890200,2016,gini_index,0.194,,250
51710003300,2016,gini_index,0.309,,251
51510200105,2016,gini_index,0.464,,252
51840000301,2016,gini_index,0.435,,253
51660000207,2016,gini_index,0.251,,254
51141030102,2016,gini_index,0.315,,255
51710000201,2016,gini_index,0.386,,256
51041100300,2016,gini_index,0.433,,257
51107611002,2016,gini_index,0.484,,258
51059461901,2016,gini_index,0.406,,259
51510200407,2016,gini_index,0.475,,260
51153900503,2016,gini_index,0.421,,261
51730810300,2016,gini_index,0.389,,262
51153900504,2016,gini_index,0.421,,263
51590000300,2016,gini_index,0.385,,264
51047930300,2016,gini_index,0.329,,265
51700032134,2016,gini_index,0.431,,266
51153900407,2016,gini_index,0.493,,267
51107611602,2016,gini_index,0.517,,268
51550020700,2016,gini_index,0.348,,269
51760070700,2016,gini_index,0.401,,270
51800065402,2016,gini_index,0.401,,271
51760041100,2016,gini_index,0.269,,272
51059450300,2016,gini_index,0.399,,273
51678980000,2016,gini_index,0.231,,274
51087200131,2016,gini_index,0.453,,275
51520020300,2016,gini_index,0.318,,276
51013103200,2016,gini_index,0.492,,277
51153901704,2016,gini_index,0.446,,278
51013102600,2016,gini_index,0.406,,279
51710005000,2016,gini_index,0.355,,280
51710003200,2016,gini_index,0.411,,281
51059421900,2016,gini_index,0.564,,282
51105950500,2016,gini_index,0.311,,283
51810046013,2016,gini_index,0.478,,284
51087201103,2016,gini_index,0.384,,285
51700031604,2016,gini_index,0.459,,286
51187020500,2016,gini_index,0.487,,287
51570830400,2016,gini_index,0.403,,288
51680001601,2016,gini_index,0.304,,289
51760010201,2016,gini_index,0.358,,290
51013101406,2016,gini_index,0.524,,291
51800075601,2016,gini_index,0.35,,292
51173030600,2016,gini_index,0.332,,293
51121020702,2016,gini_index,0.149,,294
51059452302,2016,gini_index,0.468,,295
51650010309,2016,gini_index,0.392,,296
51087200125,2016,gini_index,0.488,,297
51760020900,2016,gini_index,0.299,,298
51660000402,2016,gini_index,0.385,,299
51700032133,2016,gini_index,0.431,,300
51053840102,2016,gini_index,0.381,,301
51059480902,2016,gini_index,0.449,,302
51650012000,2016,gini_index,0.431,,303
51177020305,2016,gini_index,0.463,,304
51003011302,2016,gini_index,0.477,,305
51710006502,2016,gini_index,0.098,,306
51139030401,2016,gini_index,0.393,,307
51510200704,2016,gini_index,0.542,,308
51810045605,2016,gini_index,0.434,,309
51087201206,2016,gini_index,0.415,,310
51059482507,2016,gini_index,0.52,,311
51059452200,2016,gini_index,0.391,,312
51059481202,2016,gini_index,0.395,,313
51183870300,2016,gini_index,0.281,,314
51510200305,2016,gini_index,0.339,,315
51131930100,2016,gini_index,0.257,,316
51087201204,2016,gini_index,0.409,,317
51650010701,2016,gini_index,0.263,,318
51700032124,2016,gini_index,0.363,,319
51800075504,2016,gini_index,0.384,,320
51059450200,2016,gini_index,0.395,,321
51013103800,2016,gini_index,0.43,,322
51610500300,2016,gini_index,0.234,,323
51630000201,2016,gini_index,0.253,,324
51770001100,2016,gini_index,0.185,,325
51059415300,2016,gini_index,0.459,,326
51700030500,2016,gini_index,0.374,,327
51510200302,2016,gini_index,0.391,,328
51059416000,2016,gini_index,0.317,,329
51690000200,2016,gini_index,0.184,,330
51107611018,2016,gini_index,0.386,,331
51059452502,2016,gini_index,0.404,,332
51710006100,2016,gini_index,0.161,,333
51005070100,2016,gini_index,0.339,,334
51710000901,2016,gini_index,0.624,,335
51810044807,2016,gini_index,0.457,,336
51810046221,2016,gini_index,0.522,,337
51540000600,2016,gini_index,0.095,,338
51013101405,2016,gini_index,0.529,,339
51137110301,2016,gini_index,0.356,,340
51550021405,2016,gini_index,0.395,,341
51059481104,2016,gini_index,0.53,,342
51810044202,2016,gini_index,0.38,,343
51059431601,2016,gini_index,0.36,,344
51153901203,2016,gini_index,0.483,,345
51161030207,2016,gini_index,0.368,,346
51550021602,2016,gini_index,0.493,,347
51057950700,2016,gini_index,0.373,,348
51700031300,2016,gini_index,0.406,,349
51083930800,2016,gini_index,0.312,,350
51760030502,2016,gini_index,0.085,,351
51059490101,2016,gini_index,0.407,,352
51810040403,2016,gini_index,0.32,,353
51840000302,2016,gini_index,0.404,,354
51760070901,2016,gini_index,0.226,,355
51660000204,2016,gini_index,0.207,,356
51760040500,2016,gini_index,0.082,,357
51013102500,2016,gini_index,0.47,,358
51087200807,2016,gini_index,0.398,,359
51153901014,2016,gini_index,0.445,,360
51089010500,2016,gini_index,0.301,,361
51550020400,2016,gini_index,0.491,,362
51109950201,2016,gini_index,0.357,,363
51069051102,2016,gini_index,0.375,,364
51750010102,2016,gini_index,0.036,,365
51059461606,2016,gini_index,0.554,,366
51760020300,2016,gini_index,0.292,,367
51700032226,2016,gini_index,0.414,,368
51810045809,2016,gini_index,0.433,,369
51760041400,2016,gini_index,0.391,,370
51810044805,2016,gini_index,0.553,,371
51195931100,2016,gini_index,0.282,,372
51810040405,2016,gini_index,0.411,,373
51710003600,2016,gini_index,0.363,,374
51770000300,2016,gini_index,0.441,,375
51121020401,2016,gini_index,0.024,,376
51041100920,2016,gini_index,0.544,,377
51013101703,2016,gini_index,0.194,,378
51087200144,2016,gini_index,0.379,,379
51840000102,2016,gini_index,0.435,,380
51191010502,2016,gini_index,0.295,,381
51013101501,2016,gini_index,0.257,,382
51095080102,2016,gini_index,0.339,,383
51740212300,2016,gini_index,0.405,,384
51700031200,2016,gini_index,0.358,,385
51059430600,2016,gini_index,0.492,,386
51760071100,2016,gini_index,0.402,,387
51550020907,2016,gini_index,0.353,,388
51810044806,2016,gini_index,0.454,,389
51041100210,2016,gini_index,0.521,,390
51700032129,2016,gini_index,0.44,,391
51700031400,2016,gini_index,0.411,,392
51710006901,2016,gini_index,0.442,,393
51153900410,2016,gini_index,0.402,,394
51740210200,2016,gini_index,0.406,,395
51019050101,2016,gini_index,1.0,,396
51700032225,2016,gini_index,0.358,,397
51683910302,2016,gini_index,0.48,,398
51750010202,2016,gini_index,0.2,,399
51095080205,2016,gini_index,0.289,,400
51740211400,2016,gini_index,0.297,,401
51165010500,2016,gini_index,0.352,,402
51087200806,2016,gini_index,0.398,,403
51001090401,2016,gini_index,0.246,,404
51053840500,2016,gini_index,0.256,,405
51059491704,2016,gini_index,0.439,,406
51810044004,2016,gini_index,0.405,,407
51067020801,2016,gini_index,0.32,,408
51810043200,2016,gini_index,0.405,,409
51125950102,2016,gini_index,0.309,,410
51107611501,2016,gini_index,0.446,,411
51680000300,2016,gini_index,0.278,,412
51680000901,2016,gini_index,0.394,,413
51760070602,2016,gini_index,0.439,,414
51143011301,2016,gini_index,0.381,,415
51177020110,2016,gini_index,0.496,,416
51630000302,2016,gini_index,0.38,,417
51087200106,2016,gini_index,0.425,,418
51087200139,2016,gini_index,0.371,,419
51153901407,2016,gini_index,0.395,,420
51710001200,2016,gini_index,0.205,,421
51680000902,2016,gini_index,0.394,,422
51177020108,2016,gini_index,0.386,,423
51590000800,2016,gini_index,0.142,,424
51670820500,2016,gini_index,0.343,,425
51810045603,2016,gini_index,0.51,,426
51087200126,2016,gini_index,0.534,,427
51059450100,2016,gini_index,0.4,,428
51147930204,2016,gini_index,0.289,,429
51650010702,2016,gini_index,0.436,,430
51775010100,2016,gini_index,0.314,,431
51013103501,2016,gini_index,0.447,,432
51710006604,2016,gini_index,0.375,,433
51059471201,2016,gini_index,0.417,,434
51059482302,2016,gini_index,0.495,,435
51121020801,2016,gini_index,0.311,,436
51059450602,2016,gini_index,0.499,,437
51013103404,2016,gini_index,0.552,,438
51059482204,2016,gini_index,0.411,,439
51121020402,2016,gini_index,0.024,,440
51740213200,2016,gini_index,0.443,,441
51153901015,2016,gini_index,0.445,,442
51685920202,2016,gini_index,0.441,,443
51153901418,2016,gini_index,0.5,,444
51730810900,2016,gini_index,0.386,,445
51710003700,2016,gini_index,0.25,,446
51199050208,2016,gini_index,0.548,,447
51031020700,2016,gini_index,0.331,,448
51059480903,2016,gini_index,0.494,,449
51630000500,2016,gini_index,0.324,,450
51195930700,2016,gini_index,0.353,,451
51015070602,2016,gini_index,0.374,,452
51179010306,2016,gini_index,0.491,,453
51680001400,2016,gini_index,0.347,,454
51740213101,2016,gini_index,0.44,,455
51710000100,2016,gini_index,0.393,,456
51135000102,2016,gini_index,0.379,,457
51087200404,2016,gini_index,0.415,,458
51095080209,2016,gini_index,0.417,,459
51153901900,2016,gini_index,0.44,,460
51195931700,2016,gini_index,0.312,,461
51059490501,2016,gini_index,0.419,,462
51089010900,2016,gini_index,0.429,,463
51059422202,2016,gini_index,0.451,,464
51013102302,2016,gini_index,0.351,,465
51770002301,2016,gini_index,0.428,,466
51121020701,2016,gini_index,0.149,,467
51710007002,2016,gini_index,0.222,,468
51650010502,2016,gini_index,0.318,,469
51590001302,2016,gini_index,0.2,,470
51107610506,2016,gini_index,0.397,,471
51590000100,2016,gini_index,0.423,,472
51540001000,2016,gini_index,0.275,,473
51740211700,2016,gini_index,0.43,,474
51007930102,2016,gini_index,0.456,,475
51540000201,2016,gini_index,0.237,,476
51059491707,2016,gini_index,0.499,,477
51155210201,2016,gini_index,0.253,,478
51810040000,2016,gini_index,0.546,,479
51683910401,2016,gini_index,0.509,,480
51143010600,2016,gini_index,0.331,,481
51750010101,2016,gini_index,0.263,,482
51820003200,2016,gini_index,0.443,,483
51680000203,2016,gini_index,0.3,,484
51003010302,2016,gini_index,0.412,,485
51650011800,2016,gini_index,0.38,,486
51059451900,2016,gini_index,0.354,,487
51790000200,2016,gini_index,0.218,,488
51059420400,2016,gini_index,0.449,,489
51153901212,2016,gini_index,0.456,,490
51195931600,2016,gini_index,0.397,,491
51650011200,2016,gini_index,0.394,,492
51087200409,2016,gini_index,0.464,,493
51510200701,2016,gini_index,0.616,,494
51790000100,2016,gini_index,0.281,,495
51710000600,2016,gini_index,0.451,,496
51013102100,2016,gini_index,0.347,,497
51013101502,2016,gini_index,0.257,,498
51041100506,2016,gini_index,0.402,,499
51510200111,2016,gini_index,0.456,,500
51179010211,2016,gini_index,0.445,,501
51760060502,2016,gini_index,0.317,,502
51710005702,2016,gini_index,0.338,,503
51003010701,2016,gini_index,0.45,,504
51177020206,2016,gini_index,0.485,,505
51059491801,2016,gini_index,0.555,,506
51630000301,2016,gini_index,0.43,,507
51740212600,2016,gini_index,0.51,,508
51590000900,2016,gini_index,0.374,,509
51550020809,2016,gini_index,0.416,,510
51760011100,2016,gini_index,0.363,,511
51087201205,2016,gini_index,0.415,,512
51650011002,2016,gini_index,0.398,,513
51740210900,2016,gini_index,0.282,,514
51650010602,2016,gini_index,0.332,,515
51193010401,2016,gini_index,0.379,,516
51165010801,2016,gini_index,0.354,,517
51650010315,2016,gini_index,0.369,,518
51003010603,2016,gini_index,0.302,,519
51710006602,2016,gini_index,0.347,,520
51840000101,2016,gini_index,0.435,,521
51810041002,2016,gini_index,0.406,,522
51590001200,2016,gini_index,0.104,,523
51079030102,2016,gini_index,0.366,,524
51510200600,2016,gini_index,0.365,,525
51820003300,2016,gini_index,0.419,,526
51087200411,2016,gini_index,0.525,,527
51683910201,2016,gini_index,0.328,,528
51195931200,2016,gini_index,0.253,,529
51013102702,2016,gini_index,0.507,,530
51059481000,2016,gini_index,0.49,,531
51171040700,2016,gini_index,0.4,,532
51650010306,2016,gini_index,0.388,,533
51093280107,2016,gini_index,0.459,,534
51720960100,2016,gini_index,0.282,,535
51059420502,2016,gini_index,0.54,,536
51650010601,2016,gini_index,0.259,,537
51105950400,2016,gini_index,0.396,,538
51033030300,2016,gini_index,0.383,,539
51109950202,2016,gini_index,0.321,,540
51059421102,2016,gini_index,0.42,,541
51087201104,2016,gini_index,0.384,,542
51650010311,2016,gini_index,0.467,,543
51710006606,2016,gini_index,0.308,,544
51173030702,2016,gini_index,0.45,,545
51800075401,2016,gini_index,0.455,,546
51143010200,2016,gini_index,0.348,,547
51700032400,2016,gini_index,0.412,,548
51059471204,2016,gini_index,0.47,,549
51081880200,2016,gini_index,0.455,,550
51019050102,2016,gini_index,0.998,,551
51169030200,2016,gini_index,0.342,,552
51153900804,2016,gini_index,0.426,,553
51550020002,2016,gini_index,0.36,,554
51510200705,2016,gini_index,0.542,,555
51175200500,2016,gini_index,0.38,,556
51067020200,2016,gini_index,0.29,,557
51149850100,2016,gini_index,0.265,,558
51740211900,2016,gini_index,0.252,,559
51810040801,2016,gini_index,0.494,,560
51770002800,2016,gini_index,0.412,,561
51187020602,2016,gini_index,0.351,,562
51700031602,2016,gini_index,0.504,,563
51059422101,2016,gini_index,0.432,,564
51025930203,2016,gini_index,0.309,,565
51770002302,2016,gini_index,0.428,,566
51031020401,2016,gini_index,0.368,,567
51191010501,2016,gini_index,0.353,,568
51041100407,2016,gini_index,0.555,,569
51153901602,2016,gini_index,0.473,,570
51510201804,2016,gini_index,0.351,,571
51013103100,2016,gini_index,0.317,,572
51109950102,2016,gini_index,0.26,,573
51710003100,2016,gini_index,0.367,,574
51179010214,2016,gini_index,0.496,,575
51680001603,2016,gini_index,0.304,,576
51185020500,2016,gini_index,0.324,,577
51059452600,2016,gini_index,0.467,,578
51121021400,2016,gini_index,0.201,,579
51710001500,2016,gini_index,0.419,,580
51179010215,2016,gini_index,0.439,,581
51107611300,2016,gini_index,0.459,,582
51810045801,2016,gini_index,0.424,,583
51550020200,2016,gini_index,0.235,,584
51057950600,2016,gini_index,0.287,,585
51650011900,2016,gini_index,0.193,,586
51105950302,2016,gini_index,0.313,,587
51740210300,2016,gini_index,0.398,,588
51087200123,2016,gini_index,0.449,,589
51740210400,2016,gini_index,0.347,,590
51107611502,2016,gini_index,0.474,,591
51700031702,2016,gini_index,0.455,,592
51550020813,2016,gini_index,0.429,,593
51600300300,2016,gini_index,0.437,,594
51199051000,2016,gini_index,0.255,,595
51710001700,2016,gini_index,0.181,,596
51153900409,2016,gini_index,0.543,,597
51680000801,2016,gini_index,0.44,,598
51171040501,2016,gini_index,0.275,,599
51181860100,2016,gini_index,0.366,,600
51059422102,2016,gini_index,0.466,,601
51107611400,2016,gini_index,0.465,,602
51730811000,2016,gini_index,0.342,,603
51059452301,2016,gini_index,0.426,,604
51510201601,2016,gini_index,0.45,,605
51003010502,2016,gini_index,0.398,,606
51107611202,2016,gini_index,0.429,,607
51083930601,2016,gini_index,0.276,,608
51650010304,2016,gini_index,0.512,,609
51013102904,2016,gini_index,0.497,,610
51089011100,2016,gini_index,0.303,,611
51013101401,2016,gini_index,0.494,,612
51087200600,2016,gini_index,0.402,,613
51185021000,2016,gini_index,0.332,,614
51107610603,2016,gini_index,0.472,,615
51009010504,2016,gini_index,0.333,,616
51710006000,2016,gini_index,0.38,,617
51059432000,2016,gini_index,0.425,,618
51059420600,2016,gini_index,0.47,,619
51510200802,2016,gini_index,0.33,,620
51550020912,2016,gini_index,0.42,,621
51121020802,2016,gini_index,0.311,,622
51153901016,2016,gini_index,0.445,,623
51650010400,2016,gini_index,0.354,,624
51027010200,2016,gini_index,0.296,,625
51540000302,2016,gini_index,0.385,,626
51700032228,2016,gini_index,0.423,,627
51041100934,2016,gini_index,0.517,,628
51013101801,2016,gini_index,0.492,,629
51680000204,2016,gini_index,0.308,,630
51760010402,2016,gini_index,0.155,,631
51810044808,2016,gini_index,0.392,,632
51690000100,2016,gini_index,0.312,,633
51135000300,2016,gini_index,0.34,,634
51059430700,2016,gini_index,0.518,,635
51770000400,2016,gini_index,0.454,,636
51085320601,2016,gini_index,0.396,,637
51185020400,2016,gini_index,0.266,,638
51510201100,2016,gini_index,0.384,,639
51650011600,2016,gini_index,0.337,,640
51107611101,2016,gini_index,0.491,,641
51107611032,2016,gini_index,0.522,,642
51017920102,2016,gini_index,0.365,,643
51730811100,2016,gini_index,0.43,,644
51185020302,2016,gini_index,0.264,,645
51059471303,2016,gini_index,0.379,,646
51041100928,2016,gini_index,0.266,,647
51059461605,2016,gini_index,0.554,,648
51059491706,2016,gini_index,0.499,,649
51059491703,2016,gini_index,0.471,,650
51510202002,2016,gini_index,0.219,,651
51177020109,2016,gini_index,0.362,,652
51087201406,2016,gini_index,0.358,,653
51187020101,2016,gini_index,0.459,,654
51153900403,2016,gini_index,0.31,,655
51153900502,2016,gini_index,0.533,,656
51165010900,2016,gini_index,0.38,,657
51013101900,2016,gini_index,0.47,,658
51195930800,2016,gini_index,0.403,,659
51680000802,2016,gini_index,0.406,,660
51183870400,2016,gini_index,0.356,,661
51710002800,2016,gini_index,0.371,,662
51061930101,2016,gini_index,0.168,,663
51087201504,2016,gini_index,0.43,,664
51195931500,2016,gini_index,0.295,,665
51810046219,2016,gini_index,0.609,,666
51001090102,2016,gini_index,0.356,,667
51710000500,2016,gini_index,0.341,,668
51059432201,2016,gini_index,0.59,,669
51059431602,2016,gini_index,0.36,,670
51001090500,2016,gini_index,0.333,,671
51029930101,2016,gini_index,0.438,,672
51820003100,2016,gini_index,0.534,,673
51167030404,2016,gini_index,0.386,,674
51193010200,2016,gini_index,0.364,,675
51185020301,2016,gini_index,0.264,,676
51710004700,2016,gini_index,0.345,,677
51059490104,2016,gini_index,0.405,,678
51093280108,2016,gini_index,0.459,,679
51770002700,2016,gini_index,0.459,,680
51011040102,2016,gini_index,0.319,,681
51059482506,2016,gini_index,0.521,,682
51193010101,2016,gini_index,0.333,,683
51035080401,2016,gini_index,0.416,,684
51149850301,2016,gini_index,0.419,,685
51193010402,2016,gini_index,0.379,,686
51800075406,2016,gini_index,0.468,,687
51195931400,2016,gini_index,0.264,,688
51059480901,2016,gini_index,0.422,,689
51161031102,2016,gini_index,0.428,,690
51700032211,2016,gini_index,0.528,,691
51047930400,2016,gini_index,0.441,,692
51121020600,2016,gini_index,0.146,,693
51510201400,2016,gini_index,0.456,,694
51161031101,2016,gini_index,0.416,,695
51041100819,2016,gini_index,0.394,,696
51041100804,2016,gini_index,0.343,,697
51153900701,2016,gini_index,0.424,,698
51610500200,2016,gini_index,0.39,,699
51540000700,2016,gini_index,0.163,,700
51059420100,2016,gini_index,0.387,,701
51153900905,2016,gini_index,0.37,,702
51107611205,2016,gini_index,0.472,,703
51800075205,2016,gini_index,0.414,,704
51710006605,2016,gini_index,0.411,,705
51153900702,2016,gini_index,0.503,,706
51059461202,2016,gini_index,0.465,,707
51059460503,2016,gini_index,0.403,,708
51740211600,2016,gini_index,0.456,,709
51810045606,2016,gini_index,0.434,,710
51650011100,2016,gini_index,0.421,,711
51033030202,2016,gini_index,0.384,,712
51059415500,2016,gini_index,0.29,,713
51710006603,2016,gini_index,0.462,,714
51810042801,2016,gini_index,0.523,,715
51510201805,2016,gini_index,0.347,,716
51087200501,2016,gini_index,0.428,,717
51059491303,2016,gini_index,0.438,,718
51510201900,2016,gini_index,0.334,,719
51117930201,2016,gini_index,0.363,,720
51177020311,2016,gini_index,0.369,,721
51153901237,2016,gini_index,0.471,,722
51700031603,2016,gini_index,0.46,,723
51660000102,2016,gini_index,0.393,,724
51027010500,2016,gini_index,0.294,,725
51630000100,2016,gini_index,0.31,,726
51085321202,2016,gini_index,0.371,,727
51810040406,2016,gini_index,0.411,,728
51770001900,2016,gini_index,0.384,,729
51175200401,2016,gini_index,0.347,,730
51199050500,2016,gini_index,0.368,,731
51085320602,2016,gini_index,0.291,,732
51710000800,2016,gini_index,0.474,,733
51137110106,2016,gini_index,0.391,,734
51113930102,2016,gini_index,0.313,,735
51173030100,2016,gini_index,0.44,,736
51059440201,2016,gini_index,0.479,,737
51570830500,2016,gini_index,0.422,,738
51510200403,2016,gini_index,0.58,,739
51800075402,2016,gini_index,0.526,,740
51600300400,2016,gini_index,0.352,,741
51179010216,2016,gini_index,0.439,,742
51081880101,2016,gini_index,0.388,,743
51019030604,2016,gini_index,0.453,,744
51059461802,2016,gini_index,0.484,,745
51059471100,2016,gini_index,0.461,,746
51550021403,2016,gini_index,0.482,,747
51810045806,2016,gini_index,0.454,,748
51173030400,2016,gini_index,0.375,,749
51153900404,2016,gini_index,0.454,,750
51021040200,2016,gini_index,0.484,,751
51059452101,2016,gini_index,0.454,,752
51059492400,2016,gini_index,0.472,,753
51047930502,2016,gini_index,0.402,,754
51041100211,2016,gini_index,0.461,,755
51790000600,2016,gini_index,0.389,,756
51041100807,2016,gini_index,0.523,,757
51087200124,2016,gini_index,0.383,,758
51173030302,2016,gini_index,0.137,,759
51830370300,2016,gini_index,0.361,,760
51193010102,2016,gini_index,0.333,,761
51197050101,2016,gini_index,0.3,,762
51143011001,2016,gini_index,0.405,,763
51810041600,2016,gini_index,0.4,,764
51550020903,2016,gini_index,0.362,,765
51710005602,2016,gini_index,0.399,,766
51810045808,2016,gini_index,0.492,,767
51810046220,2016,gini_index,0.34,,768
51161030206,2016,gini_index,0.368,,769
51670820400,2016,gini_index,0.399,,770
51153901601,2016,gini_index,0.506,,771
51059491701,2016,gini_index,0.471,,772
51089010601,2016,gini_index,0.35,,773
51740213103,2016,gini_index,0.494,,774
51810045200,2016,gini_index,0.405,,775
51660000203,2016,gini_index,0.384,,776
51177020203,2016,gini_index,0.425,,777
51051040100,2016,gini_index,0.211,,778
51167030600,2016,gini_index,0.414,,779
51013103403,2016,gini_index,0.504,,780
51059452102,2016,gini_index,0.326,,781
51710006902,2016,gini_index,0.404,,782
51161031000,2016,gini_index,0.461,,783
51700031100,2016,gini_index,0.376,,784
51003010801,2016,gini_index,0.279,,785
51007930200,2016,gini_index,0.431,,786
51197050201,2016,gini_index,0.242,,787
51700032113,2016,gini_index,0.442,,788
51041100933,2016,gini_index,0.397,,789
51820003500,2016,gini_index,0.449,,790
51061930706,2016,gini_index,0.496,,791
51083930100,2016,gini_index,0.357,,792
51685920201,2016,gini_index,0.441,,793
51131930301,2016,gini_index,0.405,,794
51199050306,2016,gini_index,0.469,,795
51790000300,2016,gini_index,0.417,,796
51810044007,2016,gini_index,0.304,,797
51079030101,2016,gini_index,0.358,,798
51179010201,2016,gini_index,0.657,,799
51035080100,2016,gini_index,0.422,,800
51071930300,2016,gini_index,0.405,,801
51775010300,2016,gini_index,0.414,,802
51760061001,2016,gini_index,0.387,,803
51760010700,2016,gini_index,0.339,,804
51059491803,2016,gini_index,0.471,,805
51117930402,2016,gini_index,0.377,,806
51710005903,2016,gini_index,0.47,,807
51153900601,2016,gini_index,0.419,,808
51033030400,2016,gini_index,0.37,,809
51059460800,2016,gini_index,0.342,,810
51033030600,2016,gini_index,0.477,,811
51179010103,2016,gini_index,0.447,,812
51550021506,2016,gini_index,0.368,,813
51165010802,2016,gini_index,0.354,,814
51810046213,2016,gini_index,0.328,,815
51111930200,2016,gini_index,0.455,,816
51520020400,2016,gini_index,0.419,,817
51029930202,2016,gini_index,0.431,,818
51069050900,2016,gini_index,0.33,,819
51013101602,2016,gini_index,0.413,,820
51117930300,2016,gini_index,0.33,,821
51760070902,2016,gini_index,0.226,,822
51087201003,2016,gini_index,0.132,,823
51059461603,2016,gini_index,0.428,,824
51153901211,2016,gini_index,0.541,,825
51009010100,2016,gini_index,0.445,,826
51550020908,2016,gini_index,0.353,,827
51119950900,2016,gini_index,0.354,,828
51041100600,2016,gini_index,0.501,,829
51740211500,2016,gini_index,0.364,,830
51187020102,2016,gini_index,0.459,,831
51710007001,2016,gini_index,0.528,,832
51760020800,2016,gini_index,0.279,,833
51027010100,2016,gini_index,0.264,,834
51059470600,2016,gini_index,0.272,,835
51125950101,2016,gini_index,0.309,,836
51760041300,2016,gini_index,0.328,,837
51810045414,2016,gini_index,0.385,,838
51700032223,2016,gini_index,0.5,,839
51093280105,2016,gini_index,0.315,,840
51550021507,2016,gini_index,0.368,,841
51113930201,2016,gini_index,0.303,,842
51650010104,2016,gini_index,0.402,,843
51710000700,2016,gini_index,0.566,,844
51061930305,2016,gini_index,0.31,,845
51087200135,2016,gini_index,0.357,,846
51840000201,2016,gini_index,0.254,,847
51179010307,2016,gini_index,0.491,,848
51139030402,2016,gini_index,0.393,,849
51107611020,2016,gini_index,0.46,,850
51197050401,2016,gini_index,0.251,,851
51121020302,2016,gini_index,0.153,,852
51059451100,2016,gini_index,0.393,,853
51153901209,2016,gini_index,0.43,,854
51810042802,2016,gini_index,0.485,,855
51095080402,2016,gini_index,0.451,,856
51770000602,2016,gini_index,0.385,,857
51041100820,2016,gini_index,0.474,,858
51041100915,2016,gini_index,0.514,,859
51760010401,2016,gini_index,0.315,,860
51119951200,2016,gini_index,0.31,,861
51087200136,2016,gini_index,0.357,,862
51023040402,2016,gini_index,0.338,,863
51760040202,2016,gini_index,0.386,,864
51810045428,2016,gini_index,0.384,,865
51103030100,2016,gini_index,0.372,,866
51087201002,2016,gini_index,0.415,,867
51195931300,2016,gini_index,0.211,,868
51710005902,2016,gini_index,0.461,,869
51177020403,2016,gini_index,0.478,,870
51059481900,2016,gini_index,0.316,,871
51041100816,2016,gini_index,0.545,,872
51179010305,2016,gini_index,0.396,,873
51181860200,2016,gini_index,0.558,,874
51147930102,2016,gini_index,0.331,,875
51087200151,2016,gini_index,0.425,,876
51113930202,2016,gini_index,0.303,,877
51153900201,2016,gini_index,0.484,,878
51153901221,2016,gini_index,0.457,,879
51520020100,2016,gini_index,0.405,,880
51683910100,2016,gini_index,0.416,,881
51650010703,2016,gini_index,0.422,,882
51810041003,2016,gini_index,0.52,,883
51003010301,2016,gini_index,0.412,,884
51740212802,2016,gini_index,0.404,,885
51169030600,2016,gini_index,0.357,,886
51177020201,2016,gini_index,0.447,,887
51153900408,2016,gini_index,0.478,,888
51033030100,2016,gini_index,0.32,,889
51111930100,2016,gini_index,0.396,,890
51810045405,2016,gini_index,0.508,,891
51690000300,2016,gini_index,0.312,,892
51011040300,2016,gini_index,0.364,,893
51600300100,2016,gini_index,0.407,,894
51710002000,2016,gini_index,0.26,,895
51107611015,2016,gini_index,0.461,,896
51640070101,2016,gini_index,0.256,,897
51013103601,2016,gini_index,0.512,,898
51087200140,2016,gini_index,0.372,,899
51177020106,2016,gini_index,0.43,,900
51089010700,2016,gini_index,0.389,,901
51153901304,2016,gini_index,0.542,,902
51041100805,2016,gini_index,0.512,,903
51153901208,2016,gini_index,0.507,,904
51075400400,2016,gini_index,0.405,,905
51077060201,2016,gini_index,0.355,,906
51059491302,2016,gini_index,0.49,,907
51087200133,2016,gini_index,0.222,,908
51059491103,2016,gini_index,0.463,,909
51155210300,2016,gini_index,0.393,,910
51710006200,2016,gini_index,0.445,,911
51001090600,2016,gini_index,0.244,,912
51650010800,2016,gini_index,0.375,,913
51810045427,2016,gini_index,0.501,,914
51173030500,2016,gini_index,0.312,,915
51087200303,2016,gini_index,0.368,,916
51153901409,2016,gini_index,0.556,,917
51059452802,2016,gini_index,0.297,,918
51700032117,2016,gini_index,0.305,,919
51167030100,2016,gini_index,0.294,,920
51153901225,2016,gini_index,0.498,,921
51059420202,2016,gini_index,0.546,,922
51009010401,2016,gini_index,0.401,,923
51550021605,2016,gini_index,0.409,,924
51059431801,2016,gini_index,0.572,,925
51087201001,2016,gini_index,0.441,,926
51041100814,2016,gini_index,0.505,,927
51680001000,2016,gini_index,0.434,,928
51109950303,2016,gini_index,0.488,,929
51177020113,2016,gini_index,0.485,,930
51153901508,2016,gini_index,0.516,,931
51037930300,2016,gini_index,0.31,,932
51067020701,2016,gini_index,0.328,,933
51510200201,2016,gini_index,0.398,,934
51059491301,2016,gini_index,0.429,,935
51610500100,2016,gini_index,0.335,,936
51087201403,2016,gini_index,0.481,,937
51177020204,2016,gini_index,0.489,,938
51167030201,2016,gini_index,0.357,,939
51125950300,2016,gini_index,0.376,,940
51059431001,2016,gini_index,0.452,,941
51159040100,2016,gini_index,0.281,,942
51051040200,2016,gini_index,0.313,,943
51165010100,2016,gini_index,0.404,,944
51177020114,2016,gini_index,0.442,,945
51143011400,2016,gini_index,0.417,,946
51810045807,2016,gini_index,0.461,,947
51089010200,2016,gini_index,0.318,,948
51810046207,2016,gini_index,0.469,,949
51800075701,2016,gini_index,0.343,,950
51019030404,2016,gini_index,0.399,,951
51041100822,2016,gini_index,0.526,,952
51177020112,2016,gini_index,0.541,,953
51003010604,2016,gini_index,0.302,,954
51001090300,2016,gini_index,0.325,,955
51059422301,2016,gini_index,0.456,,956
51810045415,2016,gini_index,0.494,,957
51059440202,2016,gini_index,0.446,,958
51171040800,2016,gini_index,0.371,,959
51683910301,2016,gini_index,0.343,,960
51700032132,2016,gini_index,0.454,,961
51117930600,2016,gini_index,0.34,,962
51091970100,2016,gini_index,0.377,,963
51077060101,2016,gini_index,0.391,,964
51177020404,2016,gini_index,0.341,,965
51185020600,2016,gini_index,0.431,,966
51059481103,2016,gini_index,0.409,,967
51059422302,2016,gini_index,0.493,,968
51121021202,2016,gini_index,0.462,,969
51107611601,2016,gini_index,0.521,,970
51013101200,2016,gini_index,0.399,,971
51059481400,2016,gini_index,0.434,,972
51153900301,2016,gini_index,0.486,,973
51047930101,2016,gini_index,0.488,,974
51121021501,2016,gini_index,0.426,,975
51109950400,2016,gini_index,0.34,,976
51540000502,2016,gini_index,0.422,,977
51710004900,2016,gini_index,0.305,,978
51177020314,2016,gini_index,0.524,,979
51041100510,2016,gini_index,0.544,,980
51059421002,2016,gini_index,0.437,,981
51680001700,2016,gini_index,0.427,,982
51087200127,2016,gini_index,0.369,,983
51059452400,2016,gini_index,0.453,,984
51173030200,2016,gini_index,0.22,,985
51015070702,2016,gini_index,0.356,,986
51029930201,2016,gini_index,0.397,,987
51155210102,2016,gini_index,0.425,,988
51149850400,2016,gini_index,0.398,,989
51700031500,2016,gini_index,0.297,,990
51067020702,2016,gini_index,0.328,,991
51059480801,2016,gini_index,0.511,,992
51153901226,2016,gini_index,0.52,,993
51800065200,2016,gini_index,0.247,,994
51019030403,2016,gini_index,0.394,,995
51059440600,2016,gini_index,0.447,,996
51690000400,2016,gini_index,0.33,,997
51810040802,2016,gini_index,0.483,,998
51790000402,2016,gini_index,0.324,,999
51810045430,2016,gini_index,0.465,,1000
51760040700,2016,gini_index,0.355,,1001
51059461700,2016,gini_index,0.414,,1002
51175200402,2016,gini_index,0.348,,1003
51760061002,2016,gini_index,0.385,,1004
51059431802,2016,gini_index,0.508,,1005
51155210401,2016,gini_index,0.382,,1006
51143010500,2016,gini_index,0.311,,1007
51059451800,2016,gini_index,0.505,,1008
51003011400,2016,gini_index,0.309,,1009
51025930302,2016,gini_index,0.38,,1010
51678930501,2016,gini_index,0.231,,1011
51095080208,2016,gini_index,0.417,,1012
51025930301,2016,gini_index,0.38,,1013
51107611808,2016,gini_index,0.578,,1014
51059452501,2016,gini_index,0.442,,1015
51067020600,2016,gini_index,0.433,,1016
51157950200,2016,gini_index,0.337,,1017
51167030300,2016,gini_index,0.368,,1018
51087201701,2016,gini_index,0.51,,1019
51550020003,2016,gini_index,0.463,,1020
51089011300,2016,gini_index,0.367,,1021
51127700200,2016,gini_index,0.33,,1022
51121020900,2016,gini_index,0.329,,1023
51153900803,2016,gini_index,0.424,,1024
51191010601,2016,gini_index,0.375,,1025
51143010700,2016,gini_index,0.437,,1026
51683910202,2016,gini_index,0.541,,1027
51700032114,2016,gini_index,0.524,,1028
51015070100,2016,gini_index,0.373,,1029
51147930202,2016,gini_index,0.398,,1030
51740210600,2016,gini_index,0.486,,1031
51153901231,2016,gini_index,0.442,,1032
51790000500,2016,gini_index,0.307,,1033
51089010400,2016,gini_index,0.395,,1034
51177020309,2016,gini_index,0.456,,1035
51650010310,2016,gini_index,0.45,,1036
51035080300,2016,gini_index,0.416,,1037
51089011000,2016,gini_index,0.218,,1038
51760050100,2016,gini_index,0.237,,1039
51700032227,2016,gini_index,0.423,,1040
51580060100,2016,gini_index,0.349,,1041
51800075106,2016,gini_index,0.525,,1042
51171040202,2016,gini_index,0.499,,1043
51167030500,2016,gini_index,0.39,,1044
51191010602,2016,gini_index,0.412,,1045
51121020201,2016,gini_index,0.143,,1046
51059460400,2016,gini_index,0.263,,1047
51059420201,2016,gini_index,0.489,,1048
51153901223,2016,gini_index,0.47,,1049
51059491201,2016,gini_index,0.435,,1050
51710002100,2016,gini_index,0.213,,1051
51003011103,2016,gini_index,0.402,,1052
51043010101,2016,gini_index,0.344,,1053
51025930201,2016,gini_index,0.405,,1054
51161030803,2016,gini_index,0.409,,1055
51051040400,2016,gini_index,0.126,,1056
51193010300,2016,gini_index,0.369,,1057
51107611017,2016,gini_index,0.36,,1058
51087201102,2016,gini_index,0.436,,1059
51199050205,2016,gini_index,0.462,,1060
51087200132,2016,gini_index,0.453,,1061
51117930700,2016,gini_index,0.293,,1062
51069050600,2016,gini_index,0.407,,1063
51810046020,2016,gini_index,0.51,,1064
51087201404,2016,gini_index,0.44,,1065
51059421702,2016,gini_index,0.538,,1066
51540000402,2016,gini_index,0.297,,1067
51760070300,2016,gini_index,0.392,,1068
51107611701,2016,gini_index,0.454,,1069
51191010402,2016,gini_index,0.407,,1070
51059440100,2016,gini_index,0.461,,1071
51199050900,2016,gini_index,0.349,,1072
51059415200,2016,gini_index,0.428,,1073
51775010502,2016,gini_index,0.455,,1074
51163930400,2016,gini_index,0.489,,1075
51700032131,2016,gini_index,0.508,,1076
51107611027,2016,gini_index,0.588,,1077
51059480802,2016,gini_index,0.519,,1078
51031020800,2016,gini_index,0.3,,1079
51087201405,2016,gini_index,0.358,,1080
51059980100,2016,gini_index,0.405,,1081
51059440504,2016,gini_index,0.429,,1082
51740980100,2016,gini_index,0.405,,1083
,2016,gini_index,0.405,,1084
51081880102,2016,gini_index,0.405,,1085
51025930202,2016,gini_index,0.405,,1086
51183870202,2016,gini_index,0.405,,1087
51175200300,2016,gini_index,0.405,,1088
51025930100,2016,gini_index,0.319,,1089
51760050300,2016,gini_index,0.243,,1090
51770001800,2016,gini_index,0.343,,1091
51710006607,2016,gini_index,0.431,,1092
51107610601,2016,gini_index,0.447,,1093
51800075206,2016,gini_index,0.414,,1094
51165011100,2016,gini_index,0.384,,1095
51089011200,2016,gini_index,0.358,,1096
51760040800,2016,gini_index,0.326,,1097
51760020600,2016,gini_index,0.389,,1098
51153901229,2016,gini_index,0.589,,1099
51107610102,2016,gini_index,0.487,,1100
51121021102,2016,gini_index,0.414,,1101
51013102400,2016,gini_index,0.374,,1102
51131930302,2016,gini_index,0.252,,1103
51650010200,2016,gini_index,0.547,,1104
51115951401,2016,gini_index,0.44,,1105
51530930601,2016,gini_index,0.344,,1106
51143011100,2016,gini_index,0.406,,1107
51059491602,2016,gini_index,0.459,,1108
51065020300,2016,gini_index,0.351,,1109
51510200110,2016,gini_index,0.456,,1110
51680000100,2016,gini_index,0.247,,1111
51033030503,2016,gini_index,0.493,,1112
51163930302,2016,gini_index,0.296,,1113
51105950200,2016,gini_index,0.283,,1114
51101950200,2016,gini_index,0.442,,1115
51073100301,2016,gini_index,0.38,,1116
51041100508,2016,gini_index,0.381,,1117
51185021101,2016,gini_index,0.177,,1118
51027010600,2016,gini_index,0.378,,1119
51195930900,2016,gini_index,0.348,,1120
51139030100,2016,gini_index,0.396,,1121
51810041200,2016,gini_index,0.502,,1122
51173030301,2016,gini_index,0.366,,1123
51550020909,2016,gini_index,0.353,,1124
51059480505,2016,gini_index,0.376,,1125
51059430101,2016,gini_index,0.551,,1126
51057950800,2016,gini_index,0.458,,1127
51510201802,2016,gini_index,0.282,,1128
51550021503,2016,gini_index,0.368,,1129
51031020500,2016,gini_index,0.371,,1130
51013100800,2016,gini_index,0.389,,1131
51059482505,2016,gini_index,0.405,,1132
51013101601,2016,gini_index,0.405,,1133
51810044008,2016,gini_index,0.304,,1134
51810046002,2016,gini_index,0.473,,1135
51139030500,2016,gini_index,0.472,,1136
51155210600,2016,gini_index,0.405,,1137
51013102803,2016,gini_index,0.476,,1138
51009010402,2016,gini_index,0.384,,1139
51059431300,2016,gini_index,0.596,,1140
51059461100,2016,gini_index,0.281,,1141
51069050801,2016,gini_index,0.407,,1142
51177020304,2016,gini_index,0.417,,1143
51770003100,2016,gini_index,0.45,,1144
51095080307,2016,gini_index,0.375,,1145
51085320801,2016,gini_index,0.463,,1146
51790000401,2016,gini_index,0.324,,1147
51013100900,2016,gini_index,0.364,,1148
51177020312,2016,gini_index,0.524,,1149
51171040400,2016,gini_index,0.513,,1150
51775010200,2016,gini_index,0.321,,1151
51071930400,2016,gini_index,0.402,,1152
51047930104,2016,gini_index,0.44,,1153
51550020814,2016,gini_index,0.429,,1154
51177020408,2016,gini_index,0.495,,1155
51059491601,2016,gini_index,0.282,,1156
51169030500,2016,gini_index,0.291,,1157
51059430901,2016,gini_index,0.46,,1158
51099040200,2016,gini_index,0.441,,1159
51830370100,2016,gini_index,0.174,,1160
51059491402,2016,gini_index,0.444,,1161
51041100817,2016,gini_index,0.479,,1162
51510201204,2016,gini_index,0.469,,1163
51036600200,2016,gini_index,0.408,,1164
51041100937,2016,gini_index,0.432,,1165
51047930203,2016,gini_index,0.321,,1166
51183870100,2016,gini_index,0.343,,1167
51027010700,2016,gini_index,0.332,,1168
51103030200,2016,gini_index,0.299,,1169
51059420800,2016,gini_index,0.482,,1170
51107610900,2016,gini_index,0.234,,1171
51069050700,2016,gini_index,0.411,,1172
51153900801,2016,gini_index,0.599,,1173
51155210202,2016,gini_index,0.426,,1174
51191010900,2016,gini_index,0.283,,1175
51810045433,2016,gini_index,0.426,,1176
51660000205,2016,gini_index,0.229,,1177
51760041200,2016,gini_index,0.241,,1178
51550021402,2016,gini_index,0.365,,1179
51165012000,2016,gini_index,0.447,,1180
51153900302,2016,gini_index,0.485,,1181
51810046204,2016,gini_index,0.424,,1182
51001090700,2016,gini_index,0.326,,1183
51147930302,2016,gini_index,0.335,,1184
51650010503,2016,gini_index,0.427,,1185
51199050402,2016,gini_index,0.355,,1186
51041100206,2016,gini_index,0.544,,1187
51810040404,2016,gini_index,0.435,,1188
51137110105,2016,gini_index,0.391,,1189
51051040300,2016,gini_index,0.303,,1190
51199050303,2016,gini_index,0.487,,1191
51019030104,2016,gini_index,0.429,,1192
51660000206,2016,gini_index,0.584,,1193
51590001301,2016,gini_index,0.453,,1194
51001090101,2016,gini_index,0.356,,1195
51133020200,2016,gini_index,0.292,,1196
51041100702,2016,gini_index,0.467,,1197
51117930101,2016,gini_index,0.312,,1198
51059461801,2016,gini_index,0.553,,1199
51059471304,2016,gini_index,0.442,,1200
51001090800,2016,gini_index,0.364,,1201
51810041803,2016,gini_index,0.391,,1202
51053840300,2016,gini_index,0.367,,1203
51019030103,2016,gini_index,0.405,,1204
51059431002,2016,gini_index,0.562,,1205
51710000202,2016,gini_index,0.304,,1206
51041101012,2016,gini_index,0.539,,1207
51069051103,2016,gini_index,0.558,,1208
51061930705,2016,gini_index,0.405,,1209
51550021104,2016,gini_index,0.481,,1210
51161030702,2016,gini_index,0.442,,1211
51600300500,2016,gini_index,0.41,,1212
51087200801,2016,gini_index,0.427,,1213
51800075104,2016,gini_index,0.305,,1214
51093280400,2016,gini_index,0.384,,1215
51165011400,2016,gini_index,0.263,,1216
51063920201,2016,gini_index,0.349,,1217
51059415100,2016,gini_index,0.248,,1218
51810041804,2016,gini_index,0.391,,1219
51099040100,2016,gini_index,0.424,,1220
51197050301,2016,gini_index,0.346,,1221
51770000601,2016,gini_index,0.449,,1222
51169030300,2016,gini_index,0.379,,1223
51175200200,2016,gini_index,0.405,,1224
51191010700,2016,gini_index,0.331,,1225
51105950600,2016,gini_index,0.318,,1226
51059491401,2016,gini_index,0.494,,1227
51550021009,2016,gini_index,0.492,,1228
51800075702,2016,gini_index,0.486,,1229
51035080502,2016,gini_index,0.289,,1230
51760010500,2016,gini_index,0.353,,1231
51041100815,2016,gini_index,0.54,,1232
51087200502,2016,gini_index,0.373,,1233
51710003000,2016,gini_index,0.357,,1234
51149850302,2016,gini_index,0.405,,1235
51800075503,2016,gini_index,0.384,,1236
51031020900,2016,gini_index,0.414,,1237
51067020102,2016,gini_index,0.309,,1238
51800065301,2016,gini_index,0.364,,1239
51161030900,2016,gini_index,0.211,,1240
51167030202,2016,gini_index,0.357,,1241
51059490502,2016,gini_index,0.515,,1242
51153901222,2016,gini_index,0.533,,1243
51087200407,2016,gini_index,0.481,,1244
51059461500,2016,gini_index,0.436,,1245
51810045407,2016,gini_index,0.495,,1246
51069050500,2016,gini_index,0.365,,1247
51067020302,2016,gini_index,0.428,,1248
51059482203,2016,gini_index,0.384,,1249
51530930602,2016,gini_index,0.344,,1250
51059482301,2016,gini_index,0.492,,1251
51059460701,2016,gini_index,0.345,,1252
51195931000,2016,gini_index,0.429,,1253
51073100203,2016,gini_index,0.371,,1254
51187020601,2016,gini_index,0.438,,1255
51133020301,2016,gini_index,0.379,,1256
51143011002,2016,gini_index,0.265,,1257
51013102901,2016,gini_index,0.555,,1258
51059451000,2016,gini_index,0.439,,1259
51087200305,2016,gini_index,0.442,,1260
51059421001,2016,gini_index,0.525,,1261
51810046017,2016,gini_index,0.53,,1262
51059480504,2016,gini_index,0.411,,1263
51059491501,2016,gini_index,0.45,,1264
51059430201,2016,gini_index,0.595,,1265
51510200703,2016,gini_index,0.385,,1266
51163930101,2016,gini_index,0.314,,1267
51089010602,2016,gini_index,0.432,,1268
51740212900,2016,gini_index,0.516,,1269
51059432702,2016,gini_index,0.49,,1270
51049930101,2016,gini_index,0.331,,1271
51177020107,2016,gini_index,0.521,,1272
51087200201,2016,gini_index,0.422,,1273
51510201202,2016,gini_index,0.434,,1274
51107611030,2016,gini_index,0.523,,1275
51650010307,2016,gini_index,0.527,,1276
51003010802,2016,gini_index,0.279,,1277
51041101008,2016,gini_index,0.519,,1278
51095080103,2016,gini_index,0.255,,1279
51143010302,2016,gini_index,0.351,,1280
51163930200,2016,gini_index,0.29,,1281
51041100919,2016,gini_index,0.513,,1282
51133020100,2016,gini_index,0.397,,1283
51590001400,2016,gini_index,0.372,,1284
51009010600,2016,gini_index,0.428,,1285
51510202001,2016,gini_index,0.425,,1286
51135000101,2016,gini_index,0.414,,1287
51083930202,2016,gini_index,0.338,,1288
51087200134,2016,gini_index,0.222,,1289
51177020307,2016,gini_index,0.454,,1290
51800075803,2016,gini_index,0.434,,1291
51005080100,2016,gini_index,0.349,,1292
51199051100,2016,gini_index,0.517,,1293
51087200802,2016,gini_index,0.475,,1294
51083930203,2016,gini_index,0.281,,1295
51165010600,2016,gini_index,0.367,,1296
51171040201,2016,gini_index,0.353,,1297
51185020700,2016,gini_index,0.224,,1298
51171040300,2016,gini_index,0.42,,1299
51059481702,2016,gini_index,0.452,,1300
51680001800,2016,gini_index,0.396,,1301
51067020501,2016,gini_index,0.438,,1302
51107611702,2016,gini_index,0.454,,1303
51075400102,2016,gini_index,0.234,,1304
51059440800,2016,gini_index,0.429,,1305
51165011500,2016,gini_index,0.401,,1306
51043010300,2016,gini_index,0.39,,1307
51153901011,2016,gini_index,0.523,,1308
51810041004,2016,gini_index,0.502,,1309
51550020911,2016,gini_index,0.42,,1310
51087200148,2016,gini_index,0.435,,1311
51810041801,2016,gini_index,0.353,,1312
51087200301,2016,gini_index,0.299,,1313
51059480302,2016,gini_index,0.338,,1314
51013101402,2016,gini_index,0.455,,1315
51041100921,2016,gini_index,0.53,,1316
51099040301,2016,gini_index,0.488,,1317
51153900202,2016,gini_index,0.459,,1318
51085320500,2016,gini_index,0.459,,1319
51740212500,2016,gini_index,0.396,,1320
51179010106,2016,gini_index,0.481,,1321
51153901228,2016,gini_index,0.534,,1322
51143011200,2016,gini_index,0.415,,1323
51143010900,2016,gini_index,0.431,,1324
51059471203,2016,gini_index,0.47,,1325
51540000800,2016,gini_index,0.328,,1326
51069050100,2016,gini_index,0.421,,1327
51085320400,2016,gini_index,0.304,,1328
51173030701,2016,gini_index,0.442,,1329
51059450601,2016,gini_index,0.541,,1330
51036600300,2016,gini_index,0.122,,1331
51775010501,2016,gini_index,0.317,,1332
51059452000,2016,gini_index,0.271,,1333
51165010400,2016,gini_index,0.482,,1334
51041100818,2016,gini_index,0.521,,1335
51107611011,2016,gini_index,0.398,,1336
51550020905,2016,gini_index,0.329,,1337
51015070601,2016,gini_index,0.374,,1338
51620090100,2016,gini_index,0.367,,1339
51143010100,2016,gini_index,0.408,,1340
51760060501,2016,gini_index,0.317,,1341
51107611023,2016,gini_index,0.594,,1342
51047930202,2016,gini_index,0.446,,1343
51119951100,2016,gini_index,0.312,,1344
51570830300,2016,gini_index,0.435,,1345
51059471401,2016,gini_index,0.341,,1346
51810043400,2016,gini_index,0.317,,1347
51041100209,2016,gini_index,0.541,,1348
51510200801,2016,gini_index,0.299,,1349
51139030300,2016,gini_index,0.384,,1350
51760070802,2016,gini_index,0.251,,1351
51015071202,2016,gini_index,0.462,,1352
51059422201,2016,gini_index,0.522,,1353
51117930800,2016,gini_index,0.357,,1354
51161030804,2016,gini_index,0.409,,1355
51041101009,2016,gini_index,0.519,,1356
51685920100,2016,gini_index,0.543,,1357
51710004001,2016,gini_index,0.459,,1358
51141030302,2016,gini_index,0.408,,1359
51069051002,2016,gini_index,0.381,,1360
51153901224,2016,gini_index,0.497,,1361
51107611013,2016,gini_index,0.392,,1362
51087200907,2016,gini_index,0.331,,1363
51073100302,2016,gini_index,0.46,,1364
51510201803,2016,gini_index,0.347,,1365
51740213104,2016,gini_index,0.453,,1366
51041100922,2016,gini_index,0.51,,1367
51059482603,2016,gini_index,0.428,,1368
51061930206,2016,gini_index,0.34,,1369
51179010403,2016,gini_index,0.497,,1370
51183870201,2016,gini_index,0.483,,1371
51800075802,2016,gini_index,0.345,,1372
51550020808,2016,gini_index,0.505,,1373
51071930200,2016,gini_index,0.439,,1374
51810046019,2016,gini_index,0.51,,1375
51179010105,2016,gini_index,0.524,,1376
51550020805,2016,gini_index,0.498,,1377
51015070603,2016,gini_index,0.373,,1378
51099040400,2016,gini_index,0.484,,1379
51087200904,2016,gini_index,0.501,,1380
51013100700,2016,gini_index,0.343,,1381
51105950100,2016,gini_index,0.374,,1382
51059431400,2016,gini_index,0.494,,1383
51187020300,2016,gini_index,0.442,,1384
51069050300,2016,gini_index,0.448,,1385
51770003000,2016,gini_index,0.301,,1386
51009010201,2016,gini_index,0.404,,1387
51171040101,2016,gini_index,0.436,,1388
51770002200,2016,gini_index,0.46,,1389
51760010600,2016,gini_index,0.176,,1390
51087200415,2016,gini_index,0.444,,1391
51179010502,2016,gini_index,0.528,,1392
51185020200,2016,gini_index,0.292,,1393
51095080104,2016,gini_index,0.255,,1394
51167030402,2016,gini_index,0.408,,1395
51047930204,2016,gini_index,0.321,,1396
51683910402,2016,gini_index,0.491,,1397
51067020901,2016,gini_index,0.369,,1398
51027010400,2016,gini_index,0.255,,1399
51031020300,2016,gini_index,0.419,,1400
51750010201,2016,gini_index,0.2,,1401
51550020001,2016,gini_index,0.551,,1402
51059422402,2016,gini_index,0.489,,1403
51165010302,2016,gini_index,0.413,,1404
51087201601,2016,gini_index,0.458,,1405
51143010803,2016,gini_index,0.434,,1406
51023040100,2016,gini_index,0.455,,1407
51059432202,2016,gini_index,0.518,,1408
51810045425,2016,gini_index,0.467,,1409
51155210700,2016,gini_index,0.397,,1410
51165011700,2016,gini_index,0.454,,1411
51550021014,2016,gini_index,0.421,,1412
51540000900,2016,gini_index,0.505,,1413
51810046009,2016,gini_index,0.536,,1414
51141030101,2016,gini_index,0.315,,1415
51031020200,2016,gini_index,0.381,,1416
51045050100,2016,gini_index,0.36,,1417
51141030202,2016,gini_index,0.386,,1418
51059430203,2016,gini_index,0.535,,1419
51153901415,2016,gini_index,0.592,,1420
51660000301,2016,gini_index,0.379,,1421
51011040200,2016,gini_index,0.441,,1422
51590000700,2016,gini_index,0.284,,1423
51760040900,2016,gini_index,0.344,,1424
51019030501,2016,gini_index,0.432,,1425
51820003400,2016,gini_index,0.438,,1426
51600300200,2016,gini_index,0.447,,1427
51007930101,2016,gini_index,0.456,,1428
51131930200,2016,gini_index,0.306,,1429
51031020402,2016,gini_index,0.412,,1430
51155210500,2016,gini_index,0.36,,1431
51810043005,2016,gini_index,0.405,,1432
51199050206,2016,gini_index,0.5,,1433
51095080305,2016,gini_index,0.433,,1434
51143010804,2016,gini_index,0.434,,1435
51137110104,2016,gini_index,0.476,,1436
51810044402,2016,gini_index,0.389,,1437
51095080304,2016,gini_index,0.342,,1438
51179010108,2016,gini_index,0.501,,1439
51165010200,2016,gini_index,0.414,,1440
51143010400,2016,gini_index,0.421,,1441
51107611207,2016,gini_index,0.608,,1442
51059480301,2016,gini_index,0.337,,1443
51033030201,2016,gini_index,0.478,,1444
51065020104,2016,gini_index,0.471,,1445
51107610504,2016,gini_index,0.52,,1446
51107611014,2016,gini_index,0.484,,1447
51003010303,2016,gini_index,0.412,,1448
51179010210,2016,gini_index,0.469,,1449
51550021011,2016,gini_index,0.567,,1450
51095080202,2016,gini_index,0.351,,1451
51099040302,2016,gini_index,0.488,,1452
51680001602,2016,gini_index,0.305,,1453
51165010301,2016,gini_index,0.413,,1454
51810046214,2016,gini_index,0.488,,1455
51191010800,2016,gini_index,0.434,,1456
51059460702,2016,gini_index,0.436,,1457
51087200302,2016,gini_index,0.512,,1458
51035080603,2016,gini_index,0.377,,1459
51073100201,2016,gini_index,0.503,,1460
51013103401,2016,gini_index,0.405,,1461
51810045000,2016,gini_index,0.908,,1462
51041100929,2016,gini_index,0.492,,1463
51059470800,2016,gini_index,0.393,,1464
51710003800,2016,gini_index,0.35,,1465
51059430802,2016,gini_index,0.506,,1466
51029930102,2016,gini_index,0.268,,1467
51001090202,2016,gini_index,0.375,,1468
51079030201,2016,gini_index,0.473,,1469
51630000202,2016,gini_index,0.251,,1470
51019030605,2016,gini_index,0.359,,1471
51061930204,2016,gini_index,0.459,,1472
51810042600,2016,gini_index,0.33,,1473
51165011000,2016,gini_index,0.519,,1474
51179010406,2016,gini_index,0.345,,1475
51550020804,2016,gini_index,0.477,,1476
51107611901,2016,gini_index,0.529,,1477
51107610702,2016,gini_index,0.473,,1478
51019030603,2016,gini_index,0.489,,1479
51095080403,2016,gini_index,0.476,,1480
51153901010,2016,gini_index,0.606,,1481
51031020102,2016,gini_index,0.44,,1482
51059450500,2016,gini_index,0.456,,1483
51061930203,2016,gini_index,0.304,,1484
51161030203,2016,gini_index,0.474,,1485
51690000500,2016,gini_index,0.309,,1486
51107611031,2016,gini_index,0.522,,1487
51015070801,2016,gini_index,0.351,,1488
51093280106,2016,gini_index,0.436,,1489
51087201503,2016,gini_index,0.43,,1490
51059421300,2016,gini_index,0.488,,1491
51149850501,2016,gini_index,0.363,,1492
51810046216,2016,gini_index,0.478,,1493
51015070400,2016,gini_index,0.394,,1494
51171040102,2016,gini_index,0.436,,1495
51153901234,2016,gini_index,0.501,,1496
51810042400,2016,gini_index,0.399,,1497
51077060102,2016,gini_index,0.298,,1498
51063920103,2016,gini_index,0.421,,1499
51153901412,2016,gini_index,0.607,,1500
51550020811,2016,gini_index,0.537,,1501
51097950400,2016,gini_index,0.425,,1502
51087200141,2016,gini_index,0.518,,1503
51003010100,2016,gini_index,0.332,,1504
51107611006,2016,gini_index,0.464,,1505
51177020406,2016,gini_index,0.46,,1506
51073100400,2016,gini_index,0.41,,1507
51179010304,2016,gini_index,0.462,,1508
51550021301,2016,gini_index,0.467,,1509
51107611004,2016,gini_index,0.512,,1510
51107610400,2016,gini_index,0.428,,1511
51810046223,2016,gini_index,0.506,,1512
51101950101,2016,gini_index,0.404,,1513
51067020802,2016,gini_index,0.32,,1514
51810043800,2016,gini_index,0.405,,1515
51169030100,2016,gini_index,0.339,,1516
51087200146,2016,gini_index,0.489,,1517
51061930306,2016,gini_index,0.31,,1518
51153901506,2016,gini_index,0.472,,1519
51810045420,2016,gini_index,0.483,,1520
51179010504,2016,gini_index,0.405,,1521
51710006800,2016,gini_index,0.386,,1522
51093280300,2016,gini_index,0.443,,1523
51093280104,2016,gini_index,0.472,,1524
51117930401,2016,gini_index,0.377,,1525
51027010300,2016,gini_index,0.357,,1526
51175200100,2016,gini_index,0.406,,1527
51041100403,2016,gini_index,0.375,,1528
51041100924,2016,gini_index,0.259,,1529
51199050305,2016,gini_index,0.393,,1530
51153901420,2016,gini_index,0.625,,1531
51141030201,2016,gini_index,0.386,,1532
51179010404,2016,gini_index,0.451,,1533
51087200905,2016,gini_index,0.496,,1534
51059432100,2016,gini_index,0.476,,1535
51147930301,2016,gini_index,0.335,,1536
51059460504,2016,gini_index,0.403,,1537
51059490105,2016,gini_index,0.491,,1538
51163930301,2016,gini_index,0.296,,1539
51085320901,2016,gini_index,0.471,,1540
51117930103,2016,gini_index,0.421,,1541
51107610101,2016,gini_index,0.475,,1542
51165011600,2016,gini_index,0.366,,1543
51059482601,2016,gini_index,0.546,,1544
51149850502,2016,gini_index,0.488,,1545
51810046217,2016,gini_index,0.583,,1546
51161030100,2016,gini_index,0.383,,1547
51710002400,2016,gini_index,0.397,,1548
51059482002,2016,gini_index,0.427,,1549
51760041000,2016,gini_index,0.252,,1550
51191010401,2016,gini_index,0.36,,1551
51810046006,2016,gini_index,0.463,,1552
51107611204,2016,gini_index,0.359,,1553
51740213001,2016,gini_index,0.54,,1554
51700032007,2016,gini_index,0.513,,1555
51197050402,2016,gini_index,0.424,,1556
51059482100,2016,gini_index,0.392,,1557
51760020502,2016,gini_index,0.271,,1558
51157950100,2016,gini_index,0.323,,1559
51087200413,2016,gini_index,0.485,,1560
51185020800,2016,gini_index,0.338,,1561
51153901413,2016,gini_index,0.588,,1562
51013103000,2016,gini_index,0.564,,1563
51153901009,2016,gini_index,0.545,,1564
51023040401,2016,gini_index,0.404,,1565
51023040303,2016,gini_index,0.427,,1566
51550021504,2016,gini_index,0.521,,1567
51810046400,2016,gini_index,0.407,,1568
51059420300,2016,gini_index,0.404,,1569
51041100910,2016,gini_index,0.465,,1570
51059432402,2016,gini_index,0.563,,1571
51165011802,2016,gini_index,0.344,,1572
51153901504,2016,gini_index,0.371,,1573
51041100823,2016,gini_index,0.442,,1574
51185021102,2016,gini_index,0.177,,1575
51810045429,2016,gini_index,0.465,,1576
51710002300,2016,gini_index,0.291,,1577
51059430902,2016,gini_index,0.422,,1578
51087200503,2016,gini_index,0.443,,1579
51087200416,2016,gini_index,0.446,,1580
51810046222,2016,gini_index,0.422,,1581
51095080207,2016,gini_index,0.417,,1582
51015070802,2016,gini_index,0.352,,1583
51167030403,2016,gini_index,0.386,,1584
51035080601,2016,gini_index,0.302,,1585
51003011303,2016,gini_index,0.43,,1586
51005080201,2016,gini_index,0.338,,1587
51179010205,2016,gini_index,0.547,,1588
51059430202,2016,gini_index,0.547,,1589
51059492100,2016,gini_index,0.452,,1590
51109950301,2016,gini_index,0.488,,1591
51019030202,2016,gini_index,0.398,,1592
51059471000,2016,gini_index,0.511,,1593
51550021004,2016,gini_index,0.399,,1594
51019030504,2016,gini_index,0.373,,1595
51003011000,2016,gini_index,0.3,,1596
51047930501,2016,gini_index,0.435,,1597
51036600100,2016,gini_index,0.388,,1598
51179010405,2016,gini_index,0.423,,1599
51059432500,2016,gini_index,0.553,,1600
51153901013,2016,gini_index,0.445,,1601
51155210101,2016,gini_index,0.425,,1602
51059482206,2016,gini_index,0.411,,1603
51177020202,2016,gini_index,0.428,,1604
51810043004,2016,gini_index,0.426,,1605
51810046206,2016,gini_index,0.522,,1606
51177020405,2016,gini_index,0.369,,1607
51059430400,2016,gini_index,0.431,,1608
51107611807,2016,gini_index,0.578,,1609
51165011801,2016,gini_index,0.344,,1610
51810046011,2016,gini_index,0.483,,1611
51177020316,2016,gini_index,0.436,,1612
51185020100,2016,gini_index,0.431,,1613
51059440702,2016,gini_index,0.518,,1614
51197050302,2016,gini_index,0.415,,1615
51810045601,2016,gini_index,0.464,,1616
51083930500,2016,gini_index,0.384,,1617
51053840200,2016,gini_index,0.443,,1618
51177020111,2016,gini_index,0.502,,1619
51059420203,2016,gini_index,0.476,,1620
51710006601,2016,gini_index,0.517,,1621
51005080302,2016,gini_index,0.456,,1622
51041100701,2016,gini_index,0.506,,1623
51153901303,2016,gini_index,0.619,,1624
51700032001,2016,gini_index,0.413,,1625
51015071000,2016,gini_index,0.377,,1626
51163930102,2016,gini_index,0.314,,1627
51059460100,2016,gini_index,0.453,,1628
51153901236,2016,gini_index,0.513,,1629
51710005601,2016,gini_index,0.531,,1630
51800075208,2016,gini_index,0.487,,1631
51083930400,2016,gini_index,0.419,,1632
51191010301,2016,gini_index,0.412,,1633
51067020502,2016,gini_index,0.438,,1634
51153900904,2016,gini_index,0.502,,1635
51107611010,2016,gini_index,0.283,,1636
51087201502,2016,gini_index,0.502,,1637
51041100505,2016,gini_index,0.481,,1638
51061930707,2016,gini_index,0.388,,1639
51059481201,2016,gini_index,0.546,,1640
51023040200,2016,gini_index,0.428,,1641
51171040600,2016,gini_index,0.337,,1642
51015071101,2016,gini_index,0.374,,1643
51049930200,2016,gini_index,0.34,,1644
51770002100,2016,gini_index,0.257,,1645
51191010302,2016,gini_index,0.412,,1646
51760070100,2016,gini_index,0.34,,1647
51063920102,2016,gini_index,0.43,,1648
51810045408,2016,gini_index,0.488,,1649
51065020101,2016,gini_index,0.363,,1650
51019030601,2016,gini_index,0.24,,1651
51510200900,2016,gini_index,0.373,,1652
51015070500,2016,gini_index,0.411,,1653
51127700302,2016,gini_index,0.445,,1654
51107611206,2016,gini_index,0.443,,1655
51013101300,2016,gini_index,0.509,,1656
51700032002,2016,gini_index,0.572,,1657
51059450800,2016,gini_index,0.435,,1658
51810046224,2016,gini_index,0.485,,1659
51800075404,2016,gini_index,0.431,,1660
51035080402,2016,gini_index,0.416,,1661
51107610604,2016,gini_index,0.516,,1662
51550021010,2016,gini_index,0.436,,1663
51003010402,2016,gini_index,0.306,,1664
51013102802,2016,gini_index,0.47,,1665
51107611026,2016,gini_index,0.588,,1666
51097950500,2016,gini_index,0.461,,1667
51059431500,2016,gini_index,0.556,,1668
51085321401,2016,gini_index,0.365,,1669
51191010101,2016,gini_index,0.354,,1670
51013100600,2016,gini_index,0.353,,1671
51041100926,2016,gini_index,0.307,,1672
51119951000,2016,gini_index,0.345,,1673
51075400101,2016,gini_index,0.234,,1674
51067020301,2016,gini_index,0.428,,1675
51187020700,2016,gini_index,0.483,,1676
51115951301,2016,gini_index,0.333,,1677
51107610800,2016,gini_index,0.378,,1678
51087200122,2016,gini_index,0.484,,1679
51153901703,2016,gini_index,0.446,,1680
51141030301,2016,gini_index,0.375,,1681
51740212701,2016,gini_index,0.477,,1682
51800075302,2016,gini_index,0.313,,1683
51107611022,2016,gini_index,0.53,,1684
51107611803,2016,gini_index,0.543,,1685
51550021015,2016,gini_index,0.421,,1686
51800075801,2016,gini_index,0.483,,1687
51161030205,2016,gini_index,0.502,,1688
51059432300,2016,gini_index,0.537,,1689
51087200137,2016,gini_index,0.425,,1690
51153901005,2016,gini_index,0.624,,1691
51770002900,2016,gini_index,0.279,,1692
51810046014,2016,gini_index,0.607,,1693
51059422401,2016,gini_index,0.567,,1694
51077060300,2016,gini_index,0.19,,1695
51015070300,2016,gini_index,0.385,,1696
51153901233,2016,gini_index,0.526,,1697
51087200414,2016,gini_index,0.45,,1698
51760070804,2016,gini_index,0.424,,1699
51087200150,2016,gini_index,0.425,,1700
51059450900,2016,gini_index,0.575,,1701
51059432800,2016,gini_index,0.405,,1702
51003011102,2016,gini_index,0.402,,1703
51013101000,2016,gini_index,0.377,,1704
51800075502,2016,gini_index,0.433,,1705
51083930602,2016,gini_index,0.276,,1706
51085321403,2016,gini_index,0.587,,1707
51103030302,2016,gini_index,0.337,,1708
51085321003,2016,gini_index,0.576,,1709
51177020104,2016,gini_index,0.494,,1710
51700032005,2016,gini_index,0.476,,1711
51059420700,2016,gini_index,0.373,,1712
51087200202,2016,gini_index,0.366,,1713
51153901232,2016,gini_index,0.538,,1714
51179010301,2016,gini_index,0.494,,1715
51197050202,2016,gini_index,0.242,,1716
51015070701,2016,gini_index,0.356,,1717
51035080501,2016,gini_index,0.289,,1718
51085321001,2016,gini_index,0.405,,1719
51165011200,2016,gini_index,0.432,,1720
51161030501,2016,gini_index,0.314,,1721
51810046212,2016,gini_index,0.421,,1722
51047930103,2016,gini_index,0.44,,1723
51059461604,2016,gini_index,0.427,,1724
51093280101,2016,gini_index,0.361,,1725
51735340300,2016,gini_index,0.429,,1726
51073100202,2016,gini_index,0.42,,1727
51083930301,2016,gini_index,0.421,,1728
51153901421,2016,gini_index,0.625,,1729
51810044201,2016,gini_index,0.38,,1730
51099040500,2016,gini_index,0.357,,1731
51810045434,2016,gini_index,0.426,,1732
51840000202,2016,gini_index,0.348,,1733
51550021407,2016,gini_index,0.395,,1734
51735340200,2016,gini_index,0.376,,1735
51059450400,2016,gini_index,0.289,,1736
51810043006,2016,gini_index,0.433,,1737
51550020812,2016,gini_index,0.429,,1738
51003011301,2016,gini_index,0.455,,1739
51171040502,2016,gini_index,0.275,,1740
51067020400,2016,gini_index,0.459,,1741
51013100500,2016,gini_index,0.37,,1742
51177020407,2016,gini_index,0.438,,1743
51810046015,2016,gini_index,0.514,,1744
51680000201,2016,gini_index,0.357,,1745
51093280200,2016,gini_index,0.461,,1746
51059471402,2016,gini_index,0.413,,1747
51810046211,2016,gini_index,0.424,,1748
51153901416,2016,gini_index,0.599,,1749
51800075703,2016,gini_index,0.444,,1750
51019030602,2016,gini_index,0.39,,1751
51041100923,2016,gini_index,0.456,,1752
51760070400,2016,gini_index,0.374,,1753
51109950500,2016,gini_index,0.362,,1754
51005080202,2016,gini_index,0.355,,1755
51550021304,2016,gini_index,0.522,,1756
51153901306,2016,gini_index,0.538,,1757
51061930205,2016,gini_index,0.364,,1758
51061930703,2016,gini_index,0.382,,1759
51143010801,2016,gini_index,0.445,,1760
51810045426,2016,gini_index,0.453,,1761
51153900100,2016,gini_index,0.477,,1762
51059422403,2016,gini_index,0.527,,1763
51059430102,2016,gini_index,0.396,,1764
51061930401,2016,gini_index,0.465,,1765
51550021401,2016,gini_index,0.497,,1766
51700031901,2016,gini_index,0.51,,1767
51059491802,2016,gini_index,0.52,,1768
51085320902,2016,gini_index,0.472,,1769
51550021603,2016,gini_index,0.409,,1770
51085321402,2016,gini_index,0.457,,1771
51810045422,2016,gini_index,0.582,,1772
51059491101,2016,gini_index,0.431,,1773
51031020101,2016,gini_index,0.302,,1774
51059430801,2016,gini_index,0.457,,1775
51161030300,2016,gini_index,0.426,,1776
51003010501,2016,gini_index,0.398,,1777
51003011101,2016,gini_index,0.402,,1778
51037930102,2016,gini_index,0.323,,1779
51650010103,2016,gini_index,0.394,,1780
51059480100,2016,gini_index,0.299,,1781
51075400200,2016,gini_index,0.37,,1782
51740213002,2016,gini_index,0.404,,1783
51001090201,2016,gini_index,0.375,,1784
51059431900,2016,gini_index,0.491,,1785
51800075405,2016,gini_index,0.461,,1786
51059491705,2016,gini_index,0.528,,1787
51023040502,2016,gini_index,0.314,,1788
51059440505,2016,gini_index,0.429,,1789
51153901012,2016,gini_index,0.46,,1790
51107611208,2016,gini_index,0.508,,1791
51087200152,2016,gini_index,0.388,,1792
51059451300,2016,gini_index,0.462,,1793
51059415800,2016,gini_index,0.529,,1794
51069050401,2016,gini_index,0.485,,1795
51059416100,2016,gini_index,0.388,,1796
51059482001,2016,gini_index,0.374,,1797
51031020600,2016,gini_index,0.327,,1798
51810046010,2016,gini_index,0.48,,1799
51059482205,2016,gini_index,0.415,,1800
51021040100,2016,gini_index,0.362,,1801
51810042202,2016,gini_index,0.394,,1802
51760050500,2016,gini_index,0.192,,1803
51550021012,2016,gini_index,0.482,,1804
51510201300,2016,gini_index,0.458,,1805
51041100704,2016,gini_index,0.364,,1806
51041101007,2016,gini_index,0.503,,1807
51063920202,2016,gini_index,0.349,,1808
51059480401,2016,gini_index,0.407,,1809
51107610201,2016,gini_index,0.44,,1810
51095080203,2016,gini_index,0.319,,1811
51153901505,2016,gini_index,0.561,,1812
51107611804,2016,gini_index,0.502,,1813
51121020500,2016,gini_index,0.268,,1814
51199050304,2016,gini_index,0.445,,1815
51087200908,2016,gini_index,0.331,,1816
51161030602,2016,gini_index,0.296,,1817
51760021100,2016,gini_index,0.375,,1818
51550021505,2016,gini_index,0.521,,1819
51059480402,2016,gini_index,0.37,,1820
51087200142,2016,gini_index,0.518,,1821
51107611019,2016,gini_index,0.551,,1822
51067020103,2016,gini_index,0.318,,1823
51153901230,2016,gini_index,0.634,,1824
51187020200,2016,gini_index,0.428,,1825
51107610300,2016,gini_index,0.399,,1826
51003010401,2016,gini_index,0.245,,1827
51073100101,2016,gini_index,0.442,,1828
51053840601,2016,gini_index,0.364,,1829
51087200147,2016,gini_index,0.435,,1830
51550021200,2016,gini_index,0.414,,1831
51085320804,2016,gini_index,0.446,,1832
51059450701,2016,gini_index,0.455,,1833
51013102903,2016,gini_index,0.497,,1834
51059440701,2016,gini_index,0.533,,1835
51550020600,2016,gini_index,0.452,,1836
51059421103,2016,gini_index,0.534,,1837
51800075203,2016,gini_index,0.649,,1838
51037930200,2016,gini_index,0.378,,1839
51059432701,2016,gini_index,0.405,,1840
51137110107,2016,gini_index,0.52,,1841
51107611012,2016,gini_index,0.46,,1842
51063920104,2016,gini_index,0.421,,1843
51075400500,2016,gini_index,0.388,,1844
51153901305,2016,gini_index,0.405,,1845
51041101003,2016,gini_index,0.459,,1846
51073100500,2016,gini_index,0.272,,1847
51650011500,2016,gini_index,0.313,,1848
51800075105,2016,gini_index,0.305,,1849
51089010300,2016,gini_index,0.273,,1850
51143011302,2016,gini_index,0.381,,1851
51107611209,2016,gini_index,0.464,,1852
51153901411,2016,gini_index,0.533,,1853
51041100507,2016,gini_index,0.5,,1854
51103030301,2016,gini_index,0.337,,1855
51059432600,2016,gini_index,0.605,,1856
51109950101,2016,gini_index,0.26,,1857
51101950300,2016,gini_index,0.486,,1858
51570830100,2016,gini_index,0.409,,1859
51179010212,2016,gini_index,0.484,,1860
51107610507,2016,gini_index,0.504,,1861
51810043002,2016,gini_index,0.303,,1862
51049930102,2016,gini_index,0.331,,1863
51810045431,2016,gini_index,0.58,,1864
51059480502,2016,gini_index,0.545,,1865
51169030400,2016,gini_index,0.299,,1866
51125950201,2016,gini_index,0.276,,1867
51199050203,2016,gini_index,0.587,,1868
51153901219,2016,gini_index,0.523,,1869
51137110302,2016,gini_index,0.356,,1870
51059492000,2016,gini_index,0.49,,1871
51061930303,2016,gini_index,0.284,,1872
51179010503,2016,gini_index,0.314,,1873
51179010217,2016,gini_index,0.407,,1874
51161030701,2016,gini_index,0.42,,1875
51179010213,2016,gini_index,0.656,,1876
51059481105,2016,gini_index,0.615,,1877
51810046018,2016,gini_index,0.53,,1878
51015071102,2016,gini_index,0.498,,1879
51107610602,2016,gini_index,0.427,,1880
51161030502,2016,gini_index,0.314,,1881
51003011201,2016,gini_index,0.279,,1882
51087200108,2016,gini_index,0.317,,1883
51650010312,2016,gini_index,0.505,,1884
51041101011,2016,gini_index,0.639,,1885
51003010201,2016,gini_index,0.435,,1886
51005080301,2016,gini_index,0.456,,1887
51810046225,2016,gini_index,0.501,,1888
51059415900,2016,gini_index,0.522,,1889
51810045432,2016,gini_index,0.58,,1890
51059421101,2016,gini_index,0.582,,1891
51121021201,2016,gini_index,0.462,,1892
51041100509,2016,gini_index,0.551,,1893
51153901227,2016,gini_index,0.564,,1894
51101950102,2016,gini_index,0.461,,1895
51083930204,2016,gini_index,0.281,,1896
51059470900,2016,gini_index,0.261,,1897
51061930402,2016,gini_index,0.434,,1898
51107611902,2016,gini_index,0.529,,1899
51510200202,2016,gini_index,0.336,,1900
51650011001,2016,gini_index,0.398,,1901
51013101100,2016,gini_index,0.512,,1902
51145500400,2016,gini_index,0.464,,1903
51085320300,2016,gini_index,0.414,,1904
51191011000,2016,gini_index,0.377,,1905
51810046016,2016,gini_index,0.589,,1906
51520020202,2016,gini_index,0.191,,1907
51810042201,2016,gini_index,0.387,,1908
51127700301,2016,gini_index,0.445,,1909
51061930405,2016,gini_index,0.414,,1910
51107611029,2016,gini_index,0.546,,1911
51069050805,2016,gini_index,0.504,,1912
51800075207,2016,gini_index,0.487,,1913
51013102301,2016,gini_index,0.507,,1914
51085321201,2016,gini_index,0.419,,1915
51550021305,2016,gini_index,0.522,,1916
51065020200,2016,gini_index,0.477,,1917
51087200138,2016,gini_index,0.425,,1918
51069050807,2016,gini_index,0.48,,1919
51059440300,2016,gini_index,0.492,,1920
51085320100,2016,gini_index,0.46,,1921
51059470500,2016,gini_index,0.251,,1922
51069051001,2016,gini_index,0.381,,1923
51107611005,2016,gini_index,0.475,,1924
51095080404,2016,gini_index,0.476,,1925
51550021016,2016,gini_index,0.421,,1926
51061930304,2016,gini_index,0.439,,1927
51085321300,2016,gini_index,0.479,,1928
51107610202,2016,gini_index,0.528,,1929
51033030501,2016,gini_index,0.493,,1930
51161030802,2016,gini_index,0.385,,1931
51550021604,2016,gini_index,0.409,,1932
51510200404,2016,gini_index,0.554,,1933
51041101015,2016,gini_index,0.436,,1934
51077060202,2016,gini_index,0.405,,1935
51127700100,2016,gini_index,0.512,,1936
51059430500,2016,gini_index,0.538,,1937
51085321100,2016,gini_index,0.398,,1938
51550021005,2016,gini_index,0.495,,1939
51059491000,2016,gini_index,0.525,,1940
51041100821,2016,gini_index,0.418,,1941
51073100102,2016,gini_index,0.442,,1942
51033030502,2016,gini_index,0.493,,1943
51550021306,2016,gini_index,0.522,,1944
51161030201,2016,gini_index,0.471,,1945
51107610703,2016,gini_index,0.353,,1946
51041100902,2016,gini_index,0.474,,1947
51059440501,2016,gini_index,0.517,,1948
51085321004,2016,gini_index,0.576,,1949
51085320805,2016,gini_index,0.46,,1950
51109950302,2016,gini_index,0.488,,1951
51043010200,2016,gini_index,0.38,,1952
51107611811,2016,gini_index,0.553,,1953
51135000200,2016,gini_index,0.383,,1954
51550021013,2016,gini_index,0.576,,1955
51053840400,2016,gini_index,0.375,,1956
51165011900,2016,gini_index,0.436,,1957
51161031201,2016,gini_index,0.457,,1958
51510201000,2016,gini_index,0.563,,1959
51137110108,2016,gini_index,0.52,,1960
51139030200,2016,gini_index,0.391,,1961
51165010700,2016,gini_index,0.529,,1962
51107611102,2016,gini_index,0.567,,1963
51117930104,2016,gini_index,0.421,,1964
51011040101,2016,gini_index,0.319,,1965
51059491102,2016,gini_index,0.537,,1966
51550021406,2016,gini_index,0.395,,1967
51153901507,2016,gini_index,0.573,,1968
51177020315,2016,gini_index,0.436,,1969
51059416300,2016,gini_index,0.308,,1970
51003010702,2016,gini_index,0.45,,1971
51019030204,2016,gini_index,0.422,,1972
51019030300,2016,gini_index,0.435,,1973
51059491405,2016,gini_index,0.617,,1974
51069050402,2016,gini_index,0.485,,1975
51059432401,2016,gini_index,0.557,,1976
51059482400,2016,gini_index,0.518,,1977
51810045424,2016,gini_index,0.437,,1978
51107611812,2016,gini_index,0.553,,1979
51700031800,2016,gini_index,0.284,,1980
51145500201,2016,gini_index,0.457,,1981
51019030101,2016,gini_index,0.352,,1982
51800075602,2016,gini_index,0.453,,1983
51161031202,2016,gini_index,0.468,,1984
51191010200,2016,gini_index,0.315,,1985
51179010206,2016,gini_index,0.418,,1986
51177020308,2016,gini_index,0.529,,1987
51059420501,2016,gini_index,0.371,,1988
51043010102,2016,gini_index,0.344,,1989
51019030503,2016,gini_index,0.414,,1990
51069050806,2016,gini_index,0.48,,1991
51013100400,2016,gini_index,0.371,,1992
51121021300,2016,gini_index,0.306,,1993
51179010202,2016,gini_index,0.494,,1994
51550021101,2016,gini_index,0.473,,1995
51121021502,2016,gini_index,0.427,,1996
51580060200,2016,gini_index,0.322,,1997
51041100208,2016,gini_index,0.325,,1998
51810045805,2016,gini_index,0.559,,1999
51053840101,2016,gini_index,0.405,,2000
51059461000,2016,gini_index,0.509,,2001
51041100936,2016,gini_index,0.488,,2002
51041101013,2016,gini_index,0.617,,2003
51059460600,2016,gini_index,0.434,,2004
51121020100,2016,gini_index,0.405,,2005
51059492202,2016,gini_index,0.537,,2006
51059470400,2016,gini_index,0.405,,2007
51179010107,2016,gini_index,0.507,,2008
51019030401,2016,gini_index,0.38,,2009
51153901235,2016,gini_index,0.486,,2010
51041100935,2016,gini_index,0.355,,2011
51159040200,2016,gini_index,0.46,,2012
51153901509,2016,gini_index,0.424,,2013
51087200149,2016,gini_index,0.435,,2014
51107611813,2016,gini_index,0.548,,2015
51003011202,2016,gini_index,0.295,,2016
51810041400,2016,gini_index,0.437,,2017
51510201500,2016,gini_index,0.479,,2018
51059481500,2016,gini_index,0.392,,2019
51059481600,2016,gini_index,0.387,,2020
51059460501,2016,gini_index,0.402,,2021
51003010602,2016,gini_index,0.39,,2022
51085320803,2016,gini_index,0.552,,2023
51153901414,2016,gini_index,0.517,,2024
51041100932,2016,gini_index,0.473,,2025
51095080308,2016,gini_index,0.375,,2026
51041100938,2016,gini_index,0.432,,2027
51019030203,2016,gini_index,0.422,,2028
51199050401,2016,gini_index,0.427,,2029
51153901417,2016,gini_index,0.413,,2030
51009010300,2016,gini_index,0.375,,2031
51041100812,2016,gini_index,0.404,,2032
51107611810,2016,gini_index,0.548,,2033
51059492300,2016,gini_index,0.506,,2034
51125950202,2016,gini_index,0.276,,2035
51107610701,2016,gini_index,0.543,,2036
51121021000,2016,gini_index,0.417,,2037
51041100106,2016,gini_index,0.509,,2038
51035080200,2016,gini_index,0.377,,2039
51650012100,2016,gini_index,0.502,,2040
51550021103,2016,gini_index,0.481,,2041
51041100912,2016,gini_index,0.467,,2042
51013100300,2016,gini_index,0.41,,2043
51177020105,2016,gini_index,0.411,,2044
51059492500,2016,gini_index,0.409,,2045
51107611805,2016,gini_index,0.56,,2046
51059470100,2016,gini_index,0.262,,2047
51179010218,2016,gini_index,0.407,,2048
51087200109,2016,gini_index,0.299,,2049
51067020902,2016,gini_index,0.369,,2050
51153901503,2016,gini_index,0.461,,2051
51800075407,2016,gini_index,0.468,,2052
51059482303,2016,gini_index,0.431,,2053
51013103700,2016,gini_index,0.48,,2054
51071930100,2016,gini_index,0.313,,2055
51059415402,2016,gini_index,0.304,,2056
51041100930,2016,gini_index,0.508,,2057
51087201602,2016,gini_index,0.304,,2058
51059482604,2016,gini_index,0.428,,2059
51059460300,2016,gini_index,0.429,,2060
51017920101,2016,gini_index,0.365,,2061
51760041600,2016,gini_index,0.349,,2062
51059461201,2016,gini_index,0.361,,2063
51133020302,2016,gini_index,0.379,,2064
51087200906,2016,gini_index,0.431,,2065
51059482502,2016,gini_index,0.608,,2066
51059460900,2016,gini_index,0.396,,2067
51041100931,2016,gini_index,0.415,,2068
51023040501,2016,gini_index,0.468,,2069
51059491404,2016,gini_index,0.54,,2070
51111930300,2016,gini_index,0.363,,2071
51810045803,2016,gini_index,0.502,,2072
51059470300,2016,gini_index,0.358,,2073
51031020403,2016,gini_index,0.431,,2074
51059415700,2016,gini_index,0.54,,2075
51085320200,2016,gini_index,0.429,,2076
51760050400,2016,gini_index,0.259,,2077
51035080604,2016,gini_index,0.377,,2078
51700032130,2016,gini_index,0.53,,2079
51710002200,2016,gini_index,0.321,,2080
51075400300,2016,gini_index,0.534,,2081
51041101004,2016,gini_index,0.425,,2082
51069050200,2016,gini_index,0.353,,2083
51145500101,2016,gini_index,0.379,,2084
51059491403,2016,gini_index,0.544,,2085
51153901510,2016,gini_index,0.568,,2086
51059480201,2016,gini_index,0.282,,2087
51067020104,2016,gini_index,0.318,,2088
51059491502,2016,gini_index,0.602,,2089
51059482504,2016,gini_index,0.505,,2090
51810045421,2016,gini_index,0.471,,2091
51740212702,2016,gini_index,0.504,,2092
51179010308,2016,gini_index,0.491,,2093
51145500102,2016,gini_index,0.489,,2094
51059480501,2016,gini_index,0.531,,2095
51059492201,2016,gini_index,0.401,,2096
51009010202,2016,gini_index,0.404,,2097
51810044600,2016,gini_index,0.255,,2098
51059421200,2016,gini_index,0.562,,2099
51013100100,2016,gini_index,0.46,,2100
51059482503,2016,gini_index,0.563,,2101
51760060600,2016,gini_index,0.352,,2102
51013100200,2016,gini_index,0.442,,2103
51760050600,2016,gini_index,0.287,,2104
51107610503,2016,gini_index,0.591,,2105
51083930302,2016,gini_index,0.368,,2106
51061930704,2016,gini_index,0.512,,2107
51015070900,2016,gini_index,0.233,,2108
51177020207,2016,gini_index,0.485,,2109
51161030601,2016,gini_index,0.296,,2110
51061930207,2016,gini_index,0.457,,2111
51800075301,2016,gini_index,0.361,,2112
51085320702,2016,gini_index,0.393,,2113
51059492203,2016,gini_index,0.428,,2114
51107611009,2016,gini_index,0.424,,2115
51121021101,2016,gini_index,0.415,,2116
51059415600,2016,gini_index,0.448,,2117
51760050200,2016,gini_index,0.383,,2118
51089010800,2016,gini_index,0.423,,2119
51041100409,2016,gini_index,0.454,,2120
51015071201,2016,gini_index,0.462,,2121
51041101014,2016,gini_index,0.436,,2122
51059481106,2016,gini_index,0.507,,2123
51061930102,2016,gini_index,0.168,,2124
51115951302,2016,gini_index,0.333,,2125
51059481701,2016,gini_index,0.422,,2126
51087200145,2016,gini_index,0.489,,2127
51059470700,2016,gini_index,0.391,,2128
51059460200,2016,gini_index,0.447,,2129
51087201203,2016,gini_index,0.409,,2130
51061930404,2016,gini_index,0.414,,2131
51810043600,2016,gini_index,0.262,,2132
51107611016,2016,gini_index,0.529,,2133
51800075202,2016,gini_index,0.582,,2134
51155210402,2016,gini_index,0.382,,2135
51003010202,2016,gini_index,0.288,,2136
51015070200,2016,gini_index,0.148,,2137
51059480503,2016,gini_index,0.516,,2138
51065020103,2016,gini_index,0.471,,2139
51013101503,2016,gini_index,0.257,,2140
51059451200,2016,gini_index,0.51,,2141
51023040301,2016,gini_index,0.09,,2142
51810044401,2016,gini_index,0.39,,2143
51107611809,2016,gini_index,0.548,,2144
51735340100,2016,gini_index,0.442,,2145
51145500300,2016,gini_index,0.556,,2146
51550021303,2016,gini_index,0.522,,2147
51053840602,2016,gini_index,0.364,,2148
51810045412,2016,gini_index,0.45,,2149
51079030202,2016,gini_index,0.473,,2150
51085320701,2016,gini_index,0.434,,2151
51153901511,2016,gini_index,0.501,,2152
51041100705,2016,gini_index,0.364,,2153
51069050804,2016,gini_index,0.504,,2154
51113930101,2016,gini_index,0.313,,2155
51115951402,2016,gini_index,0.44,,2156
51117930500,2016,gini_index,0.321,,2157
51107611028,2016,gini_index,0.546,,2158
51095080306,2016,gini_index,0.433,,2159
51191010102,2016,gini_index,0.354,,2160
51550020810,2016,gini_index,0.537,,2161
51197050102,2016,gini_index,0.3,,2162
51179010219,2016,gini_index,0.407,,2163
51810042000,2016,gini_index,0.396,,2164
51023040304,2016,gini_index,0.427,,2165
51145500202,2016,gini_index,0.457,,2166
51087200143,2016,gini_index,0.379,,2167
51069051104,2016,gini_index,0.558,,2168
